date	numbers	moneyball
Tuesday, May 19, 2015	[10, 12, 21, 29, 65]	10
Friday, May 15, 2015	[11, 17, 21, 36, 74]	15
Tuesday, May 12, 2015	[14, 30, 33, 36, 44]	02
Friday, May 8, 2015	[9, 21, 25, 66, 72]	07
Tuesday, May 5, 2015	[11, 21, 42, 62, 71]	07
Friday, May 1, 2015	[17, 18, 61, 66, 74]	03
Tuesday, April 28, 2015	[22, 27, 55, 58, 63]	11
Friday, April 24, 2015	[24, 25, 29, 47, 67]	04
Tuesday, April 21, 2015	[31, 33, 35, 41, 69]	11
Friday, April 17, 2015	[15, 18, 29, 41, 50]	05
Tuesday, April 14, 2015	[3, 7, 25, 68, 71]	03
Friday, April 10, 2015	[6, 11, 32, 46, 68]	09
Tuesday, April 7, 2015	[5, 15, 22, 26, 64]	06
Friday, April 3, 2015	[10, 36, 47, 63, 74]	02
Tuesday, March 31, 2015	[8, 26, 41, 61, 73]	11
Friday, March 27, 2015	[17, 21, 36, 58, 70]	03
Tuesday, March 24, 2015	[2, 23, 32, 45, 55]	12
Friday, March 20, 2015	[7, 50, 54, 61, 75]	07
Tuesday, March 17, 2015	[11, 27, 44, 45, 58]	03
Friday, March 13, 2015	[8, 22, 30, 42, 45]	03
Tuesday, March 10, 2015	[10, 14, 19, 30, 73]	14
Friday, March 6, 2015	[30, 48, 55, 68, 73]	05
Tuesday, March 3, 2015	[9, 11, 42, 44, 50]	03
Friday, February 27, 2015	[7, 49, 53, 60, 64]	04
Tuesday, February 24, 2015	[15, 23, 26, 45, 66]	04
Friday, February 20, 2015	[2, 6, 8, 52, 66]	13
Tuesday, February 17, 2015	[6, 45, 50, 65, 66]	01
Friday, February 13, 2015	[4, 20, 44, 65, 74]	14
Tuesday, February 10, 2015	[7, 42, 53, 58, 71]	15
Friday, February 6, 2015	[5, 6, 17, 33, 68]	13
Tuesday, February 3, 2015	[11, 22, 25, 58, 69]	13
Friday, January 30, 2015	[18, 31, 39, 45, 55]	06
Tuesday, January 27, 2015	[5, 26, 27, 44, 57]	07
Friday, January 23, 2015	[14, 15, 32, 68, 72]	08
Tuesday, January 20, 2015	[31, 35, 56, 59, 63]	06
Friday, January 16, 2015	[26, 32, 44, 45, 58]	11
Tuesday, January 13, 2015	[12, 20, 25, 50, 51]	07
Friday, January 9, 2015	[37, 49, 50, 56, 57]	08
Tuesday, January 6, 2015	[12, 20, 27, 38, 75]	04
Friday, January 2, 2015	[13, 15, 35, 62, 74]	12
Tuesday, December 30, 2014	[3, 7, 44, 63, 67]	12
Friday, December 26, 2014	[2, 5, 10, 20, 38]	14
Tuesday, December 23, 2014	[4, 10, 31, 56, 66]	07
Friday, December 19, 2014	[14, 18, 58, 59, 68]	04
Tuesday, December 16, 2014	[41, 58, 68, 72, 73]	01
Friday, December 12, 2014	[2, 31, 46, 58, 65]	07
Tuesday, December 9, 2014	[27, 45, 49, 51, 52]	14
Friday, December 5, 2014	[4, 5, 11, 51, 59]	05
Tuesday, December 2, 2014	[13, 18, 22, 49, 62]	11
Friday, November 28, 2014	[8, 26, 29, 36, 47]	10
Tuesday, November 25, 2014	[10, 11, 29, 47, 56]	04
Friday, November 21, 2014	[3, 12, 35, 37, 63]	15
Tuesday, November 18, 2014	[37, 39, 53, 68, 75]	06
Friday, November 14, 2014	[3, 49, 61, 62, 68]	15
Tuesday, November 11, 2014	[23, 25, 28, 30, 75]	11
Friday, November 7, 2014	[31, 35, 41, 65, 66]	05
Tuesday, November 4, 2014	[9, 15, 24, 39, 41]	01
Friday, October 31, 2014	[11, 29, 36, 58, 67]	15
Tuesday, October 28, 2014	[3, 50, 57, 58, 60]	11
Friday, October 24, 2014	[2, 14, 21, 28, 55]	03
Tuesday, October 21, 2014	[5, 35, 37, 41, 66]	11
Friday, October 17, 2014	[21, 31, 43, 56, 60]	12
Tuesday, October 14, 2014	[11, 37, 46, 64, 68]	15
Friday, October 10, 2014	[2, 32, 35, 50, 59]	03
Tuesday, October 7, 2014	[16, 29, 46, 48, 55]	02
Friday, October 3, 2014	[3, 20, 34, 58, 67]	06
Tuesday, September 30, 2014	[3, 16, 52, 54, 61]	06
Friday, September 26, 2014	[17, 26, 35, 46, 62]	09
Tuesday, September 23, 2014	[21, 24, 25, 40, 43]	12
Friday, September 19, 2014	[16, 25, 27, 29, 34]	02
Tuesday, September 16, 2014	[25, 45, 51, 53, 73]	02
Friday, September 12, 2014	[18, 28, 33, 36, 42]	07
Tuesday, September 9, 2014	[25, 34, 55, 70, 71]	01
Friday, September 5, 2014	[7, 12, 20, 24, 59]	07
Tuesday, September 2, 2014	[1, 8, 54, 69, 72]	01
Friday, August 29, 2014	[3, 26, 45, 58, 73]	12
Tuesday, August 26, 2014	[29, 31, 51, 60, 64]	01
Friday, August 22, 2014	[5, 31, 34, 41, 74]	03
Tuesday, August 19, 2014	[22, 39, 56, 67, 71]	15
Friday, August 15, 2014	[16, 19, 28, 29, 68]	09
Tuesday, August 12, 2014	[32, 53, 60, 63, 68]	06
Friday, August 8, 2014	[9, 16, 61, 70, 75]	07
Tuesday, August 5, 2014	[25, 28, 36, 45, 53]	06
Friday, August 1, 2014	[13, 29, 34, 37, 72]	06
Tuesday, July 29, 2014	[2, 8, 16, 43, 74]	01
Friday, July 25, 2014	[22, 29, 33, 41, 68]	12
Tuesday, July 22, 2014	[14, 18, 22, 31, 47]	15
Friday, July 18, 2014	[5, 8, 59, 65, 72]	03
Tuesday, July 15, 2014	[2, 4, 17, 36, 40]	05
Friday, July 11, 2014	[9, 13, 30, 35, 69]	10
Tuesday, July 8, 2014	[14, 25, 27, 48, 49]	09
Friday, July 4, 2014	[16, 33, 39, 58, 69]	02
Tuesday, July 1, 2014	[9, 22, 38, 47, 49]	15
Friday, June 27, 2014	[15, 29, 31, 46, 64]	10
Tuesday, June 24, 2014	[13, 17, 24, 47, 65]	10
Friday, June 20, 2014	[1, 22, 25, 29, 56]	03
Tuesday, June 17, 2014	[10, 14, 24, 47, 60]	03
Friday, June 13, 2014	[7, 38, 46, 49, 56]	01
Tuesday, June 10, 2014	[2, 10, 24, 26, 74]	07
Friday, June 6, 2014	[12, 29, 37, 49, 72]	09
Tuesday, June 3, 2014	[19, 28, 62, 66, 74]	06
Friday, May 30, 2014	[10, 13, 42, 43, 62]	02
Tuesday, May 27, 2014	[1, 6, 10, 46, 58]	13
Friday, May 23, 2014	[12, 14, 21, 38, 70]	15
Tuesday, May 20, 2014	[10, 40, 63, 64, 69]	07
Friday, May 16, 2014	[13, 14, 16, 50, 56]	11
Tuesday, May 13, 2014	[37, 46, 48, 70, 74]	01
Friday, May 9, 2014	[10, 28, 39, 51, 59]	14
Tuesday, May 6, 2014	[18, 20, 27, 48, 51]	05
Friday, May 2, 2014	[1, 18, 26, 35, 40]	13
Tuesday, April 29, 2014	[7, 43, 59, 61, 66]	03
Friday, April 25, 2014	[3, 11, 18, 20, 66]	09
Tuesday, April 22, 2014	[2, 18, 19, 49, 50]	01
Friday, April 18, 2014	[18, 25, 38, 45, 63]	09
Tuesday, April 15, 2014	[4, 39, 46, 47, 70]	13
Friday, April 11, 2014	[3, 42, 44, 47, 57]	08
Tuesday, April 8, 2014	[35, 36, 41, 60, 71]	03
Friday, April 4, 2014	[1, 10, 15, 41, 54]	09
Tuesday, April 1, 2014	[10, 23, 68, 74, 75]	09
Friday, March 28, 2014	[2, 3, 9, 50, 73]	12
Tuesday, March 25, 2014	[19, 26, 51, 57, 73]	15
Friday, March 21, 2014	[2, 23, 30, 35, 53]	10
Tuesday, March 18, 2014	[11, 19, 24, 33, 51]	07
Friday, March 14, 2014	[7, 20, 40, 54, 69]	12
Tuesday, March 11, 2014	[9, 14, 56, 57, 69]	10
Friday, March 7, 2014	[11, 13, 51, 57, 69]	01
Tuesday, March 4, 2014	[10, 29, 31, 35, 45]	10
Friday, February 28, 2014	[3, 31, 50, 58, 59]	06
Tuesday, February 25, 2014	[12, 18, 25, 35, 66]	15
Friday, February 21, 2014	[23, 29, 32, 45, 46]	15
Tuesday, February 18, 2014	[23, 29, 31, 37, 70]	14
Friday, February 14, 2014	[20, 28, 35, 71, 72]	07
Tuesday, February 11, 2014	[43, 64, 67, 71, 73]	04
Friday, February 7, 2014	[11, 21, 23, 35, 64]	10
Tuesday, February 4, 2014	[25, 44, 49, 60, 73]	09
Friday, January 31, 2014	[3, 9, 13, 47, 52]	08
Tuesday, January 28, 2014	[7, 16, 28, 53, 60]	02
Friday, January 24, 2014	[22, 45, 46, 47, 65]	10
Tuesday, January 21, 2014	[8, 23, 33, 45, 52]	04
Friday, January 17, 2014	[1, 10, 26, 31, 51]	11
Tuesday, January 14, 2014	[4, 23, 26, 62, 69]	13
Friday, January 10, 2014	[8, 28, 36, 37, 57]	08
Tuesday, January 7, 2014	[13, 34, 56, 62, 64]	06
Friday, January 3, 2014	[22, 24, 25, 40, 70]	05
Tuesday, December 31, 2013	[8, 12, 34, 52, 58]	08
Friday, December 27, 2013	[4, 15, 35, 48, 49]	11
Tuesday, December 24, 2013	[23, 34, 53, 58, 73]	02
Friday, December 20, 2013	[3, 4, 31, 49, 57]	06
Tuesday, December 17, 2013	[8, 14, 17, 20, 39]	07
Friday, December 13, 2013	[19, 24, 26, 27, 70]	12
Tuesday, December 10, 2013	[5, 12, 22, 41, 65]	13
Friday, December 6, 2013	[11, 29, 44, 63, 64]	03
Tuesday, December 3, 2013	[7, 12, 41, 44, 59]	03
Friday, November 29, 2013	[9, 41, 43, 47, 57]	05
Tuesday, November 26, 2013	[27, 44, 59, 74, 75]	03
Friday, November 22, 2013	[17, 23, 35, 36, 44]	08
Tuesday, November 19, 2013	[14, 15, 29, 49, 63]	02
Friday, November 15, 2013	[25, 44, 49, 54, 63]	08
Tuesday, November 12, 2013	[20, 30, 32, 42, 71]	15
Friday, November 8, 2013	[41, 42, 51, 57, 65]	07
Tuesday, November 5, 2013	[2, 11, 42, 64, 74]	02
Friday, November 1, 2013	[32, 35, 49, 62, 67]	01
Tuesday, October 29, 2013	[20, 33, 50, 53, 54]	07
Friday, October 25, 2013	[6, 16, 45, 54, 60]	15
Tuesday, October 22, 2013	[2, 3, 19, 52, 71]	14
Friday, October 18, 2013	[5, 20, 45, 48, 56]	01
Tuesday, October 15, 2013	[4, 23, 30, 43, 50]	11
Friday, October 11, 2013	[3, 27, 37, 45, 48]	46
Tuesday, October 8, 2013	[6, 15, 19, 23, 40]	05
Friday, October 4, 2013	[4, 16, 24, 25, 44]	05
Tuesday, October 1, 2013	[7, 10, 30, 37, 53]	01
Friday, September 27, 2013	[9, 23, 27, 49, 51]	38
Tuesday, September 24, 2013	[4, 11, 32, 39, 40]	33
Friday, September 20, 2013	[1, 15, 20, 21, 47]	34
Tuesday, September 17, 2013	[6, 15, 27, 31, 39]	25
Friday, September 13, 2013	[9, 22, 28, 48, 54]	08
Tuesday, September 10, 2013	[2, 12, 18, 54, 56]	01
Friday, September 6, 2013	[2, 16, 17, 22, 41]	31
Tuesday, September 3, 2013	[4, 13, 14, 28, 41]	28
Friday, August 30, 2013	[6, 19, 24, 43, 44]	33
Tuesday, August 27, 2013	[4, 7, 30, 36, 38]	38
Friday, August 23, 2013	[1, 9, 17, 20, 53]	14
Tuesday, August 20, 2013	[13, 28, 35, 38, 41]	33
Friday, August 16, 2013	[7, 13, 26, 36, 46]	37
Tuesday, August 13, 2013	[2, 31, 32, 37, 41]	40
Friday, August 9, 2013	[11, 20, 30, 34, 38]	12
Tuesday, August 6, 2013	[1, 11, 16, 51, 55]	41
Friday, August 2, 2013	[8, 21, 23, 25, 39]	04
Tuesday, July 30, 2013	[25, 27, 36, 42, 44]	39
Friday, July 26, 2013	[4, 22, 23, 27, 38]	42
Tuesday, July 23, 2013	[25, 32, 35, 50, 51]	46
Friday, July 19, 2013	[16, 20, 24, 39, 42]	46
Tuesday, July 16, 2013	[10, 14, 21, 40, 53]	20
Friday, July 12, 2013	[4, 5, 25, 27, 51]	10
Tuesday, July 9, 2013	[3, 21, 43, 45, 48]	14
Friday, July 5, 2013	[2, 23, 41, 47, 54]	42
Tuesday, July 2, 2013	[36, 42, 51, 52, 53]	40
Friday, June 28, 2013	[8, 15, 35, 46, 52]	38
Tuesday, June 25, 2013	[3, 5, 28, 33, 51]	16
Friday, June 21, 2013	[3, 14, 17, 40, 50]	03
Tuesday, June 18, 2013	[6, 17, 34, 40, 48]	30
Friday, June 14, 2013	[2, 5, 31, 33, 34]	20
Tuesday, June 11, 2013	[15, 40, 45, 50, 53]	28
Friday, June 7, 2013	[1, 10, 37, 48, 55]	21
Tuesday, June 4, 2013	[10, 11, 12, 20, 55]	19
Friday, May 31, 2013	[2, 20, 26, 44, 46]	26
Tuesday, May 28, 2013	[4, 12, 25, 32, 54]	36
Friday, May 24, 2013	[4, 5, 16, 18, 53]	28
Tuesday, May 21, 2013	[2, 15, 17, 48, 55]	11
Friday, May 17, 2013	[11, 15, 35, 43, 49]	41
Tuesday, May 14, 2013	[6, 10, 12, 28, 32]	38
Friday, May 10, 2013	[1, 19, 20, 39, 49]	28
Tuesday, May 7, 2013	[1, 6, 13, 20, 51]	31
Friday, May 3, 2013	[2, 20, 34, 42, 54]	39
Tuesday, April 30, 2013	[21, 30, 34, 39, 49]	43
Friday, April 26, 2013	[17, 42, 49, 54, 55]	31
Tuesday, April 23, 2013	[9, 21, 22, 32, 50]	10
Friday, April 19, 2013	[6, 8, 12, 22, 43]	28
Tuesday, April 16, 2013	[2, 5, 15, 18, 39]	42
Friday, April 12, 2013	[1, 10, 13, 19, 21]	28
Tuesday, April 9, 2013	[17, 30, 41, 48, 54]	13
Friday, April 5, 2013	[8, 15, 23, 36, 41]	05
Tuesday, April 2, 2013	[7, 10, 14, 40, 47]	34
Friday, March 29, 2013	[25, 31, 36, 46, 53]	21
Tuesday, March 26, 2013	[20, 33, 46, 49, 51]	46
Friday, March 22, 2013	[14, 27, 34, 37, 41]	38
Tuesday, March 19, 2013	[3, 6, 14, 21, 37]	35
Friday, March 15, 2013	[4, 8, 17, 22, 32]	08
Tuesday, March 12, 2013	[9, 12, 19, 20, 30]	39
Friday, March 8, 2013	[4, 11, 25, 34, 35]	44
Tuesday, March 5, 2013	[6, 20, 39, 41, 46]	42
Friday, March 1, 2013	[17, 30, 38, 43, 51]	20
Tuesday, February 26, 2013	[6, 7, 13, 15, 43]	07
Friday, February 22, 2013	[9, 13, 24, 38, 49]	30
Tuesday, February 19, 2013	[1, 15, 19, 30, 56]	28
Friday, February 15, 2013	[11, 35, 41, 42, 44]	42
Tuesday, February 12, 2013	[9, 22, 32, 38, 55]	44
Friday, February 8, 2013	[6, 15, 20, 39, 50]	05
Tuesday, February 5, 2013	[2, 5, 10, 26, 44]	46
Friday, February 1, 2013	[1, 30, 32, 40, 41]	17
Tuesday, January 29, 2013	[8, 12, 27, 46, 47]	06
Friday, January 25, 2013	[11, 12, 17, 31, 48]	01
Tuesday, January 22, 2013	[7, 11, 16, 39, 54]	13
Friday, January 18, 2013	[8, 18, 25, 42, 49]	14
Tuesday, January 15, 2013	[1, 6, 12, 19, 41]	14
Friday, January 11, 2013	[24, 29, 30, 34, 56]	01
Tuesday, January 8, 2013	[3, 20, 21, 38, 42]	19
Friday, January 4, 2013	[1, 2, 23, 25, 55]	39
Tuesday, January 1, 2013	[4, 11, 21, 25, 44]	29
Friday, December 28, 2012	[10, 13, 32, 40, 41]	32
Tuesday, December 25, 2012	[2, 3, 18, 34, 48]	36
Friday, December 21, 2012	[3, 18, 32, 41, 56]	19
Tuesday, December 18, 2012	[1, 6, 7, 18, 29]	16
Friday, December 14, 2012	[11, 28, 33, 41, 43]	41
Tuesday, December 11, 2012	[39, 44, 51, 52, 54]	13
Friday, December 7, 2012	[7, 43, 44, 51, 56]	04
Tuesday, December 4, 2012	[3, 19, 24, 32, 43]	44
Friday, November 30, 2012	[11, 22, 24, 28, 31]	46
Tuesday, November 27, 2012	[5, 12, 26, 42, 49]	24
Friday, November 23, 2012	[8, 37, 44, 47, 48]	27
Tuesday, November 20, 2012	[9, 13, 22, 38, 52]	44
Friday, November 16, 2012	[5, 24, 26, 29, 53]	36
Tuesday, November 13, 2012	[6, 12, 31, 46, 56]	34
Friday, November 9, 2012	[18, 22, 33, 35, 40]	11
Tuesday, November 6, 2012	[3, 5, 13, 32, 35]	06
Friday, November 2, 2012	[4, 18, 22, 38, 44]	24
Tuesday, October 30, 2012	[5, 12, 18, 29, 56]	38
Friday, October 26, 2012	[4, 15, 24, 36, 40]	44
Tuesday, October 23, 2012	[1, 17, 42, 46, 55]	01
Friday, October 19, 2012	[14, 34, 36, 48, 53]	42
Tuesday, October 16, 2012	[13, 37, 40, 46, 52]	29
Friday, October 12, 2012	[6, 10, 24, 26, 42]	15
Tuesday, October 9, 2012	[6, 15, 16, 22, 37]	03
Friday, October 5, 2012	[8, 9, 16, 32, 39]	15
Tuesday, October 2, 2012	[10, 11, 20, 42, 55]	09
Friday, September 28, 2012	[6, 8, 14, 43, 56]	28
Tuesday, September 25, 2012	[7, 8, 23, 50, 51]	26
Friday, September 21, 2012	[3, 13, 14, 46, 55]	34
Tuesday, September 18, 2012	[5, 9, 22, 36, 49]	36
Friday, September 14, 2012	[16, 17, 21, 40, 51]	20
Tuesday, September 11, 2012	[5, 11, 20, 33, 36]	11
Friday, September 7, 2012	[15, 32, 38, 42, 46]	31
Tuesday, September 4, 2012	[16, 32, 39, 41, 53]	16
Friday, August 31, 2012	[31, 40, 41, 47, 48]	45
Tuesday, August 28, 2012	[4, 9, 40, 45, 50]	39
Friday, August 24, 2012	[25, 34, 45, 46, 49]	34
Tuesday, August 21, 2012	[5, 13, 20, 23, 33]	30
Friday, August 17, 2012	[8, 20, 24, 35, 56]	24
Tuesday, August 14, 2012	[15, 23, 34, 39, 55]	32
Friday, August 10, 2012	[10, 18, 36, 38, 44]	08
Tuesday, August 7, 2012	[30, 32, 33, 42, 48]	07
Friday, August 3, 2012	[2, 10, 13, 38, 46]	02
Tuesday, July 31, 2012	[5, 18, 21, 29, 41]	37
Friday, July 27, 2012	[2, 3, 4, 8, 43]	26
Tuesday, July 24, 2012	[5, 9, 38, 46, 51]	05
Friday, July 20, 2012	[2, 44, 48, 50, 52]	03
Tuesday, July 17, 2012	[1, 13, 21, 49, 55]	17
Friday, July 13, 2012	[6, 7, 13, 24, 46]	34
Tuesday, July 10, 2012	[3, 11, 19, 23, 36]	21
Friday, July 6, 2012	[20, 23, 28, 35, 39]	21
Tuesday, July 3, 2012	[3, 4, 24, 36, 52]	45
Friday, June 29, 2012	[28, 34, 39, 45, 53]	34
Tuesday, June 26, 2012	[3, 16, 23, 35, 36]	20
Friday, June 22, 2012	[10, 16, 19, 32, 36]	13
Tuesday, June 19, 2012	[11, 21, 27, 30, 53]	11
Friday, June 15, 2012	[8, 12, 18, 30, 40]	04
Tuesday, June 12, 2012	[2, 9, 17, 34, 50]	45
Friday, June 8, 2012	[4, 9, 34, 40, 48]	25
Tuesday, June 5, 2012	[37, 39, 42, 53, 55]	22
Friday, June 1, 2012	[2, 27, 38, 46, 52]	45
Tuesday, May 29, 2012	[2, 14, 29, 53, 55]	31
Friday, May 25, 2012	[9, 15, 21, 40, 54]	11
Tuesday, May 22, 2012	[10, 14, 35, 43, 52]	16
Friday, May 18, 2012	[3, 11, 22, 34, 49]	01
Tuesday, May 15, 2012	[10, 11, 12, 14, 24]	06
Friday, May 11, 2012	[3, 15, 29, 35, 54]	08
Tuesday, May 8, 2012	[2, 6, 8, 18, 51]	19
Friday, May 4, 2012	[4, 11, 21, 42, 53]	38
Tuesday, May 1, 2012	[24, 27, 31, 45, 52]	38
Friday, April 27, 2012	[2, 5, 45, 46, 47]	37
Tuesday, April 24, 2012	[3, 9, 15, 37, 38]	39
Friday, April 20, 2012	[14, 23, 26, 33, 35]	40
Tuesday, April 17, 2012	[1, 16, 24, 32, 48]	02
Friday, April 13, 2012	[9, 14, 17, 36, 42]	33
Tuesday, April 10, 2012	[2, 6, 12, 31, 48]	25
Friday, April 6, 2012	[2, 19, 20, 24, 33]	39
Tuesday, April 3, 2012	[11, 35, 38, 41, 52]	40
Friday, March 30, 2012	[2, 4, 23, 38, 46]	23
Tuesday, March 27, 2012	[9, 19, 34, 44, 51]	24
Friday, March 23, 2012	[6, 17, 19, 20, 21]	20
Tuesday, March 20, 2012	[1, 4, 6, 11, 14]	30
Friday, March 16, 2012	[28, 29, 43, 51, 53]	07
Tuesday, March 13, 2012	[2, 8, 30, 36, 48]	31
Friday, March 9, 2012	[9, 10, 27, 36, 42]	11
Tuesday, March 6, 2012	[20, 24, 31, 33, 36]	44
Friday, March 2, 2012	[16, 29, 48, 52, 54]	05
Tuesday, February 28, 2012	[6, 15, 29, 39, 51]	36
Friday, February 24, 2012	[1, 16, 18, 25, 27]	03
Tuesday, February 21, 2012	[9, 30, 39, 42, 47]	37
Friday, February 17, 2012	[16, 25, 28, 32, 40]	03
Tuesday, February 14, 2012	[3, 5, 10, 26, 27]	27
Friday, February 10, 2012	[3, 4, 18, 29, 50]	20
Tuesday, February 7, 2012	[17, 23, 30, 37, 45]	04
Friday, February 3, 2012	[7, 19, 21, 49, 53]	35
Tuesday, January 31, 2012	[9, 17, 18, 28, 43]	09
Friday, January 27, 2012	[3, 5, 30, 36, 48]	23
Tuesday, January 24, 2012	[10, 22, 24, 36, 49]	33
Friday, January 20, 2012	[1, 9, 28, 38, 47]	08
Tuesday, January 17, 2012	[3, 15, 31, 36, 53]	27
Friday, January 13, 2012	[10, 27, 28, 37, 51]	19
Tuesday, January 10, 2012	[4, 10, 16, 38, 48]	34
Friday, January 6, 2012	[9, 17, 28, 34, 48]	46
Tuesday, January 3, 2012	[2, 3, 15, 22, 36]	23
Friday, December 30, 2011	[4, 24, 45, 46, 52]	01
Tuesday, December 27, 2011	[23, 32, 33, 39, 43]	08
Friday, December 23, 2011	[3, 5, 8, 18, 29]	14
Tuesday, December 20, 2011	[20, 24, 27, 45, 51]	31
Friday, December 16, 2011	[2, 4, 26, 36, 39]	27
Tuesday, December 13, 2011	[5, 6, 22, 26, 41]	06
Friday, December 9, 2011	[4, 12, 29, 49, 51]	44
Tuesday, December 6, 2011	[7, 21, 29, 35, 49]	39
Friday, December 2, 2011	[24, 30, 48, 51, 56]	45
Tuesday, November 29, 2011	[17, 29, 43, 48, 52]	36
Friday, November 25, 2011	[22, 28, 42, 49, 54]	43
Tuesday, November 22, 2011	[4, 16, 23, 33, 48]	38
Friday, November 18, 2011	[4, 13, 33, 39, 55]	03
Tuesday, November 15, 2011	[3, 6, 24, 30, 33]	21
Friday, November 11, 2011	[2, 16, 22, 29, 50]	27
Tuesday, November 8, 2011	[5, 31, 45, 47, 54]	04
Friday, November 4, 2011	[26, 30, 32, 33, 44]	01
Tuesday, November 1, 2011	[27, 31, 39, 40, 46]	36
Friday, October 28, 2011	[13, 31, 49, 52, 56]	41
Tuesday, October 25, 2011	[13, 33, 40, 44, 46]	08
Friday, October 21, 2011	[6, 21, 35, 37, 38]	17
Tuesday, October 18, 2011	[24, 25, 45, 47, 53]	42
Friday, October 14, 2011	[13, 35, 42, 45, 54]	26
Tuesday, October 11, 2011	[25, 34, 38, 44, 56]	27
Friday, October 7, 2011	[5, 15, 19, 23, 38]	19
Tuesday, October 4, 2011	[3, 26, 40, 45, 52]	11
Friday, September 30, 2011	[3, 19, 21, 44, 45]	29
Tuesday, September 27, 2011	[2, 20, 28, 36, 45]	37
Friday, September 23, 2011	[21, 27, 32, 40, 52]	36
Tuesday, September 20, 2011	[6, 29, 38, 50, 51]	39
Friday, September 16, 2011	[6, 23, 41, 45, 56]	24
Tuesday, September 13, 2011	[22, 31, 43, 48, 56]	45
Friday, September 9, 2011	[7, 12, 19, 23, 31]	45
Tuesday, September 6, 2011	[1, 36, 38, 42, 49]	19
Friday, September 2, 2011	[25, 44, 48, 49, 55]	20
Tuesday, August 30, 2011	[2, 22, 25, 28, 50]	18
Friday, August 26, 2011	[2, 3, 27, 30, 47]	36
Tuesday, August 23, 2011	[11, 21, 44, 48, 49]	23
Friday, August 19, 2011	[5, 15, 53, 54, 56]	22
Tuesday, August 16, 2011	[4, 38, 41, 42, 43]	44
Friday, August 12, 2011	[9, 43, 51, 54, 55]	13
Tuesday, August 9, 2011	[11, 19, 39, 45, 54]	15
Friday, August 5, 2011	[6, 24, 28, 33, 42]	19
Tuesday, August 2, 2011	[14, 17, 19, 20, 32]	28
Friday, July 29, 2011	[8, 10, 22, 47, 48]	35
Tuesday, July 26, 2011	[20, 25, 35, 52, 55]	10
Friday, July 22, 2011	[23, 31, 32, 39, 56]	38
Tuesday, July 19, 2011	[2, 9, 10, 16, 35]	40
Friday, July 15, 2011	[16, 29, 30, 46, 56]	06
Tuesday, July 12, 2011	[3, 9, 11, 44, 49]	09
Friday, July 8, 2011	[1, 2, 22, 37, 50]	45
Tuesday, July 5, 2011	[1, 10, 13, 18, 46]	19
Friday, July 1, 2011	[12, 17, 30, 35, 47]	26
Tuesday, June 28, 2011	[12, 17, 27, 47, 48]	33
Friday, June 24, 2011	[10, 14, 40, 49, 51]	04
Tuesday, June 21, 2011	[11, 24, 25, 31, 46]	17
Friday, June 17, 2011	[12, 29, 46, 47, 51]	24
Tuesday, June 14, 2011	[9, 10, 20, 51, 53]	24
Friday, June 10, 2011	[18, 21, 27, 37, 38]	07
Tuesday, June 7, 2011	[29, 32, 35, 47, 52]	13
Friday, June 3, 2011	[20, 23, 41, 49, 53]	31
Tuesday, May 31, 2011	[28, 30, 31, 37, 55]	13
Friday, May 27, 2011	[5, 7, 14, 28, 56]	10
Tuesday, May 24, 2011	[9, 12, 21, 42, 43]	42
Friday, May 20, 2011	[10, 17, 19, 45, 48]	30
Tuesday, May 17, 2011	[1, 2, 17, 25, 48]	45
Friday, May 13, 2011	[3, 33, 39, 47, 53]	09
Tuesday, May 10, 2011	[11, 16, 34, 40, 51]	34
Friday, May 6, 2011	[6, 18, 26, 37, 41]	09
Tuesday, May 3, 2011	[1, 16, 29, 36, 50]	16
Friday, April 29, 2011	[9, 10, 11, 33, 51]	29
Tuesday, April 26, 2011	[19, 29, 32, 38, 55]	15
Friday, April 22, 2011	[3, 18, 46, 51, 53]	17
Tuesday, April 19, 2011	[20, 24, 32, 45, 51]	43
Friday, April 15, 2011	[22, 23, 33, 39, 48]	29
Tuesday, April 12, 2011	[10, 23, 39, 41, 45]	15
Friday, April 8, 2011	[6, 40, 45, 50, 56]	11
Tuesday, April 5, 2011	[1, 19, 20, 31, 36]	09
Friday, April 1, 2011	[13, 14, 35, 36, 53]	19
Tuesday, March 29, 2011	[6, 15, 23, 34, 38]	43
Friday, March 25, 2011	[22, 24, 31, 52, 54]	04
Tuesday, March 22, 2011	[1, 14, 35, 50, 53]	43
Friday, March 18, 2011	[14, 33, 34, 54, 56]	37
Tuesday, March 15, 2011	[10, 11, 12, 28, 43]	45
Friday, March 11, 2011	[14, 19, 21, 42, 45]	06
Tuesday, March 8, 2011	[3, 17, 19, 41, 55]	24
Friday, March 4, 2011	[8, 10, 15, 23, 41]	07
Tuesday, March 1, 2011	[1, 12, 19, 20, 47]	25
Friday, February 25, 2011	[4, 5, 17, 19, 50]	07
Tuesday, February 22, 2011	[15, 22, 23, 48, 55]	31
Friday, February 18, 2011	[5, 6, 7, 30, 45]	42
Tuesday, February 15, 2011	[17, 18, 24, 35, 39]	18
Friday, February 11, 2011	[8, 9, 17, 32, 34]	13
Tuesday, February 8, 2011	[25, 35, 36, 47, 48]	18
Friday, February 4, 2011	[6, 20, 29, 48, 55]	06
Tuesday, February 1, 2011	[16, 22, 23, 26, 35]	31
Friday, January 28, 2011	[14, 33, 48, 49, 50]	18
Tuesday, January 25, 2011	[5, 8, 31, 46, 50]	04
Friday, January 21, 2011	[5, 9, 21, 35, 38]	20
Tuesday, January 18, 2011	[4, 27, 29, 38, 45]	05
Friday, January 14, 2011	[2, 15, 17, 33, 35]	08
Tuesday, January 11, 2011	[1, 4, 11, 16, 45]	37
Friday, January 7, 2011	[4, 22, 42, 46, 53]	20
Tuesday, January 4, 2011	[4, 8, 15, 25, 47]	42
Friday, December 31, 2010	[10, 12, 13, 35, 56]	09
Tuesday, December 28, 2010	[6, 18, 36, 40, 49]	07
Friday, December 24, 2010	[15, 16, 27, 40, 52]	16
Tuesday, December 21, 2010	[8, 11, 12, 31, 32]	29
Friday, December 17, 2010	[11, 20, 26, 46, 53]	12
Tuesday, December 14, 2010	[18, 22, 25, 31, 38]	29
Friday, December 10, 2010	[23, 27, 33, 44, 46]	36
Tuesday, December 7, 2010	[4, 38, 45, 53, 54]	09
Friday, December 3, 2010	[6, 11, 12, 18, 56]	12
Tuesday, November 30, 2010	[11, 16, 19, 47, 53]	02
Friday, November 26, 2010	[5, 9, 34, 43, 47]	08
Tuesday, November 23, 2010	[2, 6, 12, 34, 35]	33
Friday, November 19, 2010	[7, 14, 31, 51, 54]	35
Tuesday, November 16, 2010	[1, 26, 27, 39, 46]	21
Friday, November 12, 2010	[9, 26, 28, 35, 38]	10
Tuesday, November 9, 2010	[8, 26, 28, 33, 53]	11
Friday, November 5, 2010	[19, 25, 34, 46, 53]	15
Tuesday, November 2, 2010	[1, 3, 12, 16, 54]	46
Friday, October 29, 2010	[4, 19, 26, 28, 39]	14
Tuesday, October 26, 2010	[15, 21, 30, 31, 32]	26
Friday, October 22, 2010	[2, 7, 18, 32, 53]	18
Tuesday, October 19, 2010	[2, 9, 14, 37, 42]	41
Friday, October 15, 2010	[9, 10, 13, 31, 50]	10
Tuesday, October 12, 2010	[10, 31, 36, 37, 43]	15
Friday, October 8, 2010	[24, 29, 37, 48, 50]	19
Tuesday, October 5, 2010	[10, 19, 24, 37, 44]	27
Friday, October 1, 2010	[3, 8, 21, 28, 52]	43
Tuesday, September 28, 2010	[2, 10, 13, 36, 38]	18
Friday, September 24, 2010	[2, 28, 38, 42, 55]	25
Tuesday, September 21, 2010	[3, 20, 43, 47, 52]	26
Friday, September 17, 2010	[3, 4, 14, 18, 27]	13
Tuesday, September 14, 2010	[6, 14, 50, 55, 56]	01
Friday, September 10, 2010	[11, 12, 17, 21, 23]	20
Tuesday, September 7, 2010	[8, 18, 22, 24, 38]	23
Friday, September 3, 2010	[10, 13, 20, 28, 36]	09
Tuesday, August 31, 2010	[10, 20, 29, 47, 48]	38
Friday, August 27, 2010	[4, 10, 26, 32, 41]	31
Tuesday, August 24, 2010	[4, 23, 24, 28, 32]	31
Friday, August 20, 2010	[4, 13, 20, 29, 48]	36
Tuesday, August 17, 2010	[11, 19, 40, 43, 44]	33
Friday, August 13, 2010	[6, 17, 24, 43, 55]	36
Tuesday, August 10, 2010	[2, 14, 26, 50, 56]	12
Friday, August 6, 2010	[7, 13, 30, 33, 54]	30
Tuesday, August 3, 2010	[4, 13, 20, 22, 56]	32
Friday, July 30, 2010	[11, 30, 40, 48, 52]	42
Tuesday, July 27, 2010	[2, 7, 10, 16, 29]	08
Friday, July 23, 2010	[16, 19, 39, 44, 49]	26
Tuesday, July 20, 2010	[12, 18, 28, 36, 43]	19
Friday, July 16, 2010	[2, 15, 18, 20, 39]	34
Tuesday, July 13, 2010	[7, 11, 14, 15, 34]	14
Friday, July 9, 2010	[1, 31, 33, 34, 50]	41
Tuesday, July 6, 2010	[8, 18, 45, 47, 50]	36
Friday, July 2, 2010	[1, 10, 12, 32, 36]	25
Tuesday, June 29, 2010	[3, 4, 15, 27, 37]	35
Friday, June 25, 2010	[1, 2, 13, 19, 27]	21
Tuesday, June 22, 2010	[12, 17, 21, 23, 30]	24
Friday, June 18, 2010	[11, 36, 37, 41, 55]	07
Tuesday, June 15, 2010	[4, 12, 13, 21, 27]	46
Friday, June 11, 2010	[6, 13, 33, 34, 42]	25
Tuesday, June 8, 2010	[12, 18, 28, 48, 54]	06
Friday, June 4, 2010	[12, 13, 15, 17, 50]	23
Tuesday, June 1, 2010	[12, 27, 44, 45, 51]	30
Friday, May 28, 2010	[3, 11, 20, 29, 39]	26
Tuesday, May 25, 2010	[5, 14, 17, 19, 24]	25
Friday, May 21, 2010	[15, 20, 23, 26, 30]	17
Tuesday, May 18, 2010	[11, 13, 19, 37, 40]	26
Friday, May 14, 2010	[20, 21, 40, 47, 56]	12
Tuesday, May 11, 2010	[26, 33, 43, 46, 54]	09
Friday, May 7, 2010	[2, 7, 20, 34, 50]	40
Tuesday, May 4, 2010	[9, 21, 31, 36, 43]	08
Friday, April 30, 2010	[14, 20, 41, 47, 53]	40
Tuesday, April 27, 2010	[23, 37, 41, 50, 55]	06
Friday, April 23, 2010	[19, 26, 28, 37, 52]	18
Tuesday, April 20, 2010	[5, 8, 10, 34, 42]	25
Friday, April 16, 2010	[10, 16, 31, 48, 50]	44
Tuesday, April 13, 2010	[3, 12, 27, 39, 47]	32
Friday, April 9, 2010	[15, 18, 39, 48, 53]	03
Tuesday, April 6, 2010	[16, 43, 44, 52, 56]	26
Friday, April 2, 2010	[2, 17, 22, 30, 31]	19
Tuesday, March 30, 2010	[1, 11, 24, 38, 44]	41
Friday, March 26, 2010	[23, 41, 46, 47, 52]	22
Tuesday, March 23, 2010	[3, 25, 28, 29, 40]	13
Friday, March 19, 2010	[10, 31, 45, 50, 54]	25
Tuesday, March 16, 2010	[3, 22, 48, 52, 56]	13
Friday, March 12, 2010	[2, 15, 25, 48, 53]	41
Tuesday, March 9, 2010	[14, 16, 18, 19, 29]	16
Friday, March 5, 2010	[11, 31, 34, 44, 52]	32
Tuesday, March 2, 2010	[9, 12, 47, 48, 56]	25
Friday, February 26, 2010	[4, 14, 29, 54, 56]	40
Tuesday, February 23, 2010	[4, 16, 36, 40, 53]	18
Friday, February 19, 2010	[1, 22, 39, 42, 46]	36
Tuesday, February 16, 2010	[11, 12, 21, 29, 45]	05
Friday, February 12, 2010	[14, 16, 17, 33, 47]	23
Tuesday, February 9, 2010	[2, 17, 20, 26, 48]	12
Friday, February 5, 2010	[10, 20, 45, 51, 53]	41
Tuesday, February 2, 2010	[6, 7, 26, 27, 49]	09
Friday, January 29, 2010	[1, 10, 22, 23, 38]	19
Tuesday, January 26, 2010	[7, 8, 38, 39, 48]	22
Friday, January 22, 2010	[8, 13, 27, 28, 52]	09
Tuesday, January 19, 2010	[4, 5, 34, 38, 41]	18
Friday, January 15, 2010	[4, 7, 19, 21, 38]	29
Tuesday, January 12, 2010	[5, 9, 31, 37, 56]	16
Friday, January 8, 2010	[18, 20, 31, 36, 43]	33
Tuesday, January 5, 2010	[13, 28, 39, 50, 55]	10
Friday, January 1, 2010	[6, 8, 27, 40, 41]	21
Tuesday, December 29, 2009	[2, 5, 29, 35, 51]	03
Friday, December 25, 2009	[4, 16, 44, 52, 54]	20
Tuesday, December 22, 2009	[3, 33, 35, 39, 45]	13
Friday, December 18, 2009	[10, 20, 30, 44, 49]	24
Tuesday, December 15, 2009	[27, 31, 32, 36, 47]	35
Friday, December 11, 2009	[2, 21, 27, 34, 44]	45
Tuesday, December 8, 2009	[20, 23, 28, 30, 46]	29
Friday, December 4, 2009	[4, 33, 41, 51, 56]	38
Tuesday, December 1, 2009	[17, 30, 39, 52, 53]	21
Friday, November 27, 2009	[12, 25, 37, 39, 45]	11
Tuesday, November 24, 2009	[10, 11, 35, 37, 50]	12
Friday, November 20, 2009	[3, 4, 7, 16, 56]	39
Tuesday, November 17, 2009	[8, 22, 27, 49, 50]	28
Friday, November 13, 2009	[27, 43, 45, 49, 54]	44
Tuesday, November 10, 2009	[8, 21, 29, 34, 37]	15
Friday, November 6, 2009	[7, 11, 27, 40, 46]	08
Tuesday, November 3, 2009	[5, 18, 23, 31, 38]	20
Friday, October 30, 2009	[4, 15, 17, 29, 38]	20
Tuesday, October 27, 2009	[7, 13, 37, 46, 51]	02
Friday, October 23, 2009	[27, 45, 48, 54, 56]	02
Tuesday, October 20, 2009	[13, 17, 25, 45, 55]	08
Friday, October 16, 2009	[10, 13, 18, 33, 51]	43
Tuesday, October 13, 2009	[17, 31, 34, 45, 51]	24
Friday, October 9, 2009	[3, 14, 21, 24, 51]	14
Tuesday, October 6, 2009	[9, 33, 51, 53, 56]	39
Friday, October 2, 2009	[15, 24, 51, 53, 55]	11
Tuesday, September 29, 2009	[2, 21, 25, 45, 50]	21
Friday, September 25, 2009	[7, 27, 42, 49, 52]	19
Tuesday, September 22, 2009	[26, 29, 33, 39, 46]	24
Friday, September 18, 2009	[18, 27, 31, 36, 52]	33
Tuesday, September 15, 2009	[29, 30, 32, 35, 41]	39
Friday, September 11, 2009	[16, 27, 48, 49, 54]	02
Tuesday, September 8, 2009	[4, 10, 18, 28, 50]	35
Friday, September 4, 2009	[2, 4, 6, 21, 44]	37
Tuesday, September 1, 2009	[2, 9, 28, 51, 53]	19
Friday, August 28, 2009	[1, 17, 31, 37, 54]	31
Tuesday, August 25, 2009	[3, 12, 19, 22, 40]	02
Friday, August 21, 2009	[9, 38, 44, 48, 49]	13
Tuesday, August 18, 2009	[4, 5, 26, 37, 56]	25
Friday, August 14, 2009	[8, 22, 25, 33, 35]	46
Tuesday, August 11, 2009	[6, 12, 15, 32, 42]	40
Friday, August 7, 2009	[7, 18, 35, 45, 56]	03
Tuesday, August 4, 2009	[1, 28, 34, 42, 50]	27
Friday, July 31, 2009	[17, 35, 44, 52, 56]	22
Tuesday, July 28, 2009	[4, 17, 24, 25, 48]	34
Friday, July 24, 2009	[3, 6, 43, 51, 52]	36
Tuesday, July 21, 2009	[3, 8, 21, 50, 52]	02
Friday, July 17, 2009	[8, 17, 40, 47, 50]	13
Tuesday, July 14, 2009	[20, 29, 35, 45, 53]	41
Friday, July 10, 2009	[5, 10, 26, 27, 28]	04
Tuesday, July 7, 2009	[25, 27, 35, 38, 39]	28
Friday, July 3, 2009	[5, 6, 7, 11, 25]	31
Tuesday, June 30, 2009	[7, 34, 49, 54, 55]	34
Friday, June 26, 2009	[11, 15, 17, 29, 46]	16
Tuesday, June 23, 2009	[12, 14, 16, 31, 50]	09
Friday, June 19, 2009	[4, 9, 12, 16, 46]	44
Tuesday, June 16, 2009	[9, 15, 21, 26, 45]	25
Friday, June 12, 2009	[6, 11, 20, 32, 44]	38
Tuesday, June 9, 2009	[5, 17, 31, 36, 56]	46
Friday, June 5, 2009	[5, 20, 38, 41, 52]	20
Tuesday, June 2, 2009	[9, 13, 26, 30, 35]	33
Friday, May 29, 2009	[23, 30, 36, 39, 48]	34
Tuesday, May 26, 2009	[9, 18, 21, 37, 55]	33
Friday, May 22, 2009	[3, 29, 34, 42, 49]	29
Tuesday, May 19, 2009	[2, 4, 9, 15, 42]	13
Friday, May 15, 2009	[7, 12, 24, 36, 48]	27
Tuesday, May 12, 2009	[4, 8, 10, 14, 51]	31
Friday, May 8, 2009	[12, 27, 29, 32, 34]	34
Tuesday, May 5, 2009	[5, 23, 38, 39, 54]	03
Friday, May 1, 2009	[9, 16, 24, 40, 43]	35
Tuesday, April 28, 2009	[15, 20, 24, 36, 44]	06
Friday, April 24, 2009	[9, 20, 21, 48, 49]	07
Tuesday, April 21, 2009	[5, 24, 37, 47, 52]	06
Friday, April 17, 2009	[5, 13, 26, 35, 45]	32
Tuesday, April 14, 2009	[4, 11, 22, 48, 50]	42
Friday, April 10, 2009	[18, 25, 36, 42, 51]	22
Tuesday, April 7, 2009	[2, 4, 13, 17, 36]	15
Friday, April 3, 2009	[16, 22, 38, 39, 48]	42
Tuesday, March 31, 2009	[14, 39, 47, 48, 53]	29
Friday, March 27, 2009	[10, 15, 24, 38, 50]	19
Tuesday, March 24, 2009	[4, 25, 34, 43, 44]	45
Friday, March 20, 2009	[15, 16, 20, 39, 40]	26
Tuesday, March 17, 2009	[9, 15, 24, 28, 31]	17
Friday, March 13, 2009	[10, 12, 26, 46, 50]	23
Tuesday, March 10, 2009	[2, 27, 31, 39, 40]	23
Friday, March 6, 2009	[11, 18, 37, 46, 55]	45
Tuesday, March 3, 2009	[26, 32, 35, 43, 52]	10
Friday, February 27, 2009	[24, 37, 44, 50, 56]	35
Tuesday, February 24, 2009	[1, 27, 28, 35, 40]	06
Friday, February 20, 2009	[21, 28, 41, 45, 55]	24
Tuesday, February 17, 2009	[1, 9, 23, 27, 33]	24
Friday, February 13, 2009	[25, 36, 37, 40, 51]	20
Tuesday, February 10, 2009	[18, 29, 38, 43, 47]	07
Friday, February 6, 2009	[2, 12, 18, 28, 31]	03
Tuesday, February 3, 2009	[4, 15, 29, 43, 56]	29
Friday, January 30, 2009	[13, 16, 19, 53, 55]	02
Tuesday, January 27, 2009	[3, 11, 12, 14, 21]	25
Friday, January 23, 2009	[2, 17, 20, 27, 28]	07
Tuesday, January 20, 2009	[1, 9, 10, 35, 46]	09
Friday, January 16, 2009	[2, 4, 21, 39, 51]	29
Tuesday, January 13, 2009	[22, 25, 33, 36, 48]	40
Friday, January 9, 2009	[23, 25, 30, 45, 50]	08
Tuesday, January 6, 2009	[3, 11, 12, 19, 33]	30
Friday, January 2, 2009	[2, 11, 19, 21, 34]	38
Tuesday, December 30, 2008	[1, 22, 29, 44, 52]	39
Friday, December 26, 2008	[6, 19, 29, 33, 37]	31
Tuesday, December 23, 2008	[1, 8, 13, 27, 41]	45
Friday, December 19, 2008	[3, 13, 16, 39, 54]	32
Tuesday, December 16, 2008	[10, 14, 16, 29, 40]	06
Friday, December 12, 2008	[10, 16, 19, 27, 48]	25
Tuesday, December 9, 2008	[11, 12, 26, 31, 33]	27
Friday, December 5, 2008	[21, 27, 46, 52, 55]	14
Tuesday, December 2, 2008	[2, 17, 22, 32, 51]	35
Friday, November 28, 2008	[10, 30, 44, 46, 48]	44
Tuesday, November 25, 2008	[2, 11, 22, 51, 52]	46
Friday, November 21, 2008	[1, 22, 52, 53, 56]	45
Tuesday, November 18, 2008	[10, 15, 22, 52, 53]	12
Friday, November 14, 2008	[3, 18, 19, 30, 34]	03
Tuesday, November 11, 2008	[5, 27, 38, 42, 55]	41
Friday, November 7, 2008	[14, 24, 32, 43, 44]	21
Tuesday, November 4, 2008	[10, 21, 23, 41, 55]	09
Friday, October 31, 2008	[2, 7, 17, 29, 47]	40
Tuesday, October 28, 2008	[6, 39, 45, 46, 48]	36
Friday, October 24, 2008	[5, 33, 34, 47, 52]	18
Tuesday, October 21, 2008	[16, 19, 39, 42, 44]	38
Friday, October 17, 2008	[7, 15, 27, 28, 31]	35
Tuesday, October 14, 2008	[14, 35, 41, 42, 51]	23
Friday, October 10, 2008	[14, 15, 43, 46, 48]	21
Tuesday, October 7, 2008	[2, 25, 35, 38, 42]	34
Friday, October 3, 2008	[13, 28, 32, 41, 52]	16
Tuesday, September 30, 2008	[9, 30, 35, 39, 49]	36
Friday, September 26, 2008	[6, 13, 14, 31, 36]	36
Tuesday, September 23, 2008	[9, 32, 34, 43, 52]	04
Friday, September 19, 2008	[2, 9, 41, 48, 51]	37
Tuesday, September 16, 2008	[13, 24, 39, 51, 52]	44
Friday, September 12, 2008	[1, 12, 14, 25, 35]	38
Tuesday, September 9, 2008	[22, 23, 28, 49, 52]	02
Friday, September 5, 2008	[1, 6, 15, 27, 46]	39
Tuesday, September 2, 2008	[14, 23, 43, 44, 54]	39
Friday, August 29, 2008	[21, 25, 26, 50, 51]	22
Tuesday, August 26, 2008	[6, 16, 24, 34, 36]	30
Friday, August 22, 2008	[12, 13, 15, 41, 42]	37
Tuesday, August 19, 2008	[9, 18, 19, 26, 40]	38
Friday, August 15, 2008	[8, 23, 29, 30, 53]	07
Tuesday, August 12, 2008	[2, 7, 23, 38, 40]	40
Friday, August 8, 2008	[11, 17, 28, 32, 50]	33
Tuesday, August 5, 2008	[9, 21, 36, 38, 55]	13
Friday, August 1, 2008	[9, 13, 17, 18, 56]	02
Tuesday, July 29, 2008	[11, 13, 20, 30, 42]	03
Friday, July 25, 2008	[2, 16, 19, 35, 52]	17
Tuesday, July 22, 2008	[2, 16, 23, 29, 32]	46
Friday, July 18, 2008	[17, 29, 36, 53, 55]	26
Tuesday, July 15, 2008	[19, 24, 34, 45, 51]	40
Friday, July 11, 2008	[5, 14, 16, 39, 51]	34
Tuesday, July 8, 2008	[1, 20, 22, 29, 41]	35
Friday, July 4, 2008	[1, 3, 12, 19, 20]	28
Tuesday, July 1, 2008	[1, 22, 33, 43, 52]	36
Friday, June 27, 2008	[8, 14, 22, 39, 50]	44
Tuesday, June 24, 2008	[10, 22, 36, 50, 53]	39
Friday, June 20, 2008	[11, 17, 25, 36, 42]	13
Tuesday, June 17, 2008	[5, 14, 25, 47, 49]	36
Friday, June 13, 2008	[8, 9, 14, 38, 44]	36
Tuesday, June 10, 2008	[3, 5, 15, 43, 51]	11
Friday, June 6, 2008	[8, 9, 43, 44, 54]	27
Tuesday, June 3, 2008	[4, 19, 24, 32, 54]	05
Friday, May 30, 2008	[39, 40, 47, 53, 55]	32
Tuesday, May 27, 2008	[14, 24, 32, 45, 49]	17
Friday, May 23, 2008	[4, 8, 11, 22, 30]	04
Tuesday, May 20, 2008	[2, 14, 26, 32, 41]	32
Friday, May 16, 2008	[6, 11, 39, 46, 47]	26
Tuesday, May 13, 2008	[20, 24, 27, 31, 47]	15
Friday, May 9, 2008	[16, 31, 43, 46, 56]	22
Tuesday, May 6, 2008	[4, 21, 46, 53, 54]	26
Friday, May 2, 2008	[8, 28, 37, 53, 55]	26
Tuesday, April 29, 2008	[19, 24, 35, 44, 51]	26
Friday, April 25, 2008	[19, 32, 37, 45, 52]	41
Tuesday, April 22, 2008	[3, 22, 31, 48, 54]	09
Friday, April 18, 2008	[24, 28, 36, 50, 53]	29
Tuesday, April 15, 2008	[12, 13, 27, 48, 50]	30
Friday, April 11, 2008	[14, 18, 27, 31, 42]	07
Tuesday, April 8, 2008	[8, 9, 31, 37, 44]	38
Friday, April 4, 2008	[3, 5, 40, 45, 49]	17
Tuesday, April 1, 2008	[4, 17, 26, 46, 56]	25
Friday, March 28, 2008	[7, 26, 27, 40, 43]	10
Tuesday, March 25, 2008	[38, 42, 43, 48, 53]	12
Friday, March 21, 2008	[5, 8, 17, 19, 41]	21
Tuesday, March 18, 2008	[13, 15, 20, 25, 44]	37
Friday, March 14, 2008	[3, 12, 18, 25, 52]	21
Tuesday, March 11, 2008	[4, 13, 35, 41, 47]	44
Friday, March 7, 2008	[19, 32, 33, 41, 48]	12
Tuesday, March 4, 2008	[7, 15, 30, 33, 56]	22
Friday, February 29, 2008	[5, 17, 22, 26, 55]	38
Tuesday, February 26, 2008	[9, 12, 30, 36, 55]	15
Friday, February 22, 2008	[7, 12, 13, 19, 22]	10
Tuesday, February 19, 2008	[1, 38, 42, 55, 56]	34
Friday, February 15, 2008	[7, 11, 26, 30, 53]	14
Tuesday, February 12, 2008	[14, 27, 39, 47, 50]	12
Friday, February 8, 2008	[21, 30, 43, 46, 50]	18
Tuesday, February 5, 2008	[4, 5, 17, 40, 51]	38
Friday, February 1, 2008	[3, 14, 30, 44, 56]	05
Tuesday, January 29, 2008	[8, 23, 39, 40, 42]	24
Friday, January 25, 2008	[5, 12, 22, 38, 56]	22
Tuesday, January 22, 2008	[12, 15, 22, 25, 33]	02
Friday, January 18, 2008	[12, 22, 33, 43, 44]	15
Tuesday, January 15, 2008	[21, 30, 42, 44, 50]	06
Friday, January 11, 2008	[22, 36, 42, 45, 55]	42
Tuesday, January 8, 2008	[10, 29, 45, 52, 54]	10
Friday, January 4, 2008	[24, 31, 39, 40, 56]	32
Tuesday, January 1, 2008	[13, 16, 25, 30, 54]	11
Friday, December 28, 2007	[2, 19, 22, 28, 54]	25
Tuesday, December 25, 2007	[19, 36, 37, 48, 52]	08
Friday, December 21, 2007	[14, 19, 20, 43, 53]	07
Tuesday, December 18, 2007	[3, 23, 46, 48, 49]	02
Friday, December 14, 2007	[4, 7, 12, 17, 30]	44
Tuesday, December 11, 2007	[6, 25, 27, 30, 45]	46
Friday, December 7, 2007	[12, 18, 26, 28, 51]	35
Tuesday, December 4, 2007	[16, 27, 30, 45, 53]	43
Friday, November 30, 2007	[5, 6, 12, 26, 51]	07
Tuesday, November 27, 2007	[9, 10, 26, 29, 39]	10
Friday, November 23, 2007	[18, 21, 33, 42, 56]	11
Tuesday, November 20, 2007	[14, 20, 23, 42, 43]	06
Friday, November 16, 2007	[12, 13, 30, 31, 39]	29
Tuesday, November 13, 2007	[15, 26, 36, 39, 40]	45
Friday, November 9, 2007	[11, 33, 41, 42, 46]	21
Tuesday, November 6, 2007	[3, 17, 43, 46, 47]	02
Friday, November 2, 2007	[1, 3, 34, 49, 52]	19
Tuesday, October 30, 2007	[2, 8, 44, 46, 51]	22
Friday, October 26, 2007	[12, 20, 24, 38, 51]	03
Tuesday, October 23, 2007	[2, 7, 45, 52, 53]	18
Friday, October 19, 2007	[5, 15, 18, 23, 46]	14
Tuesday, October 16, 2007	[1, 2, 5, 41, 44]	25
Friday, October 12, 2007	[21, 26, 34, 44, 54]	23
Tuesday, October 9, 2007	[1, 10, 17, 32, 51]	44
Friday, October 5, 2007	[10, 19, 37, 40, 48]	01
Tuesday, October 2, 2007	[28, 37, 40, 43, 44]	20
Friday, September 28, 2007	[4, 13, 20, 25, 33]	42
Tuesday, September 25, 2007	[2, 19, 23, 47, 54]	16
Friday, September 21, 2007	[5, 21, 23, 33, 45]	43
Tuesday, September 18, 2007	[20, 24, 31, 34, 49]	08
Friday, September 14, 2007	[5, 9, 12, 33, 40]	27
Tuesday, September 11, 2007	[9, 10, 17, 21, 35]	06
Friday, September 7, 2007	[14, 19, 27, 34, 48]	03
Tuesday, September 4, 2007	[3, 6, 11, 42, 46]	38
Friday, August 31, 2007	[8, 18, 22, 40, 44]	11
Tuesday, August 28, 2007	[37, 40, 48, 53, 56]	44
Friday, August 24, 2007	[4, 21, 46, 51, 53]	05
Tuesday, August 21, 2007	[8, 38, 54, 55, 56]	02
Friday, August 17, 2007	[2, 8, 33, 38, 53]	12
Tuesday, August 14, 2007	[5, 8, 9, 24, 34]	17
Friday, August 10, 2007	[10, 20, 32, 33, 54]	39
Tuesday, August 7, 2007	[36, 41, 50, 55, 56]	09
Friday, August 3, 2007	[16, 29, 42, 46, 51]	40
Tuesday, July 31, 2007	[5, 18, 37, 39, 43]	42
Friday, July 27, 2007	[7, 12, 35, 54, 55]	02
Tuesday, July 24, 2007	[8, 17, 20, 23, 50]	17
Friday, July 20, 2007	[6, 13, 30, 41, 52]	26
Tuesday, July 17, 2007	[16, 30, 38, 46, 51]	05
Friday, July 13, 2007	[7, 39, 41, 48, 53]	21
Tuesday, July 10, 2007	[19, 24, 30, 34, 56]	19
Friday, July 6, 2007	[3, 9, 12, 25, 47]	37
Tuesday, July 3, 2007	[21, 35, 37, 39, 40]	35
Friday, June 29, 2007	[1, 17, 40, 51, 52]	07
Tuesday, June 26, 2007	[4, 10, 20, 29, 45]	21
Friday, June 22, 2007	[11, 14, 21, 24, 31]	23
Tuesday, June 19, 2007	[5, 16, 31, 49, 54]	19
Friday, June 15, 2007	[1, 5, 16, 26, 30]	21
Tuesday, June 12, 2007	[3, 13, 19, 31, 50]	21
Friday, June 8, 2007	[6, 26, 29, 31, 39]	31
Tuesday, June 5, 2007	[27, 35, 38, 49, 56]	15
Friday, June 1, 2007	[12, 19, 29, 32, 48]	09
Tuesday, May 29, 2007	[2, 24, 44, 51, 54]	07
Friday, May 25, 2007	[10, 14, 22, 42, 43]	01
Tuesday, May 22, 2007	[2, 7, 11, 22, 36]	35
Friday, May 18, 2007	[13, 23, 24, 30, 44]	05
Tuesday, May 15, 2007	[6, 13, 42, 46, 56]	42
Friday, May 11, 2007	[28, 30, 33, 48, 54]	25
Tuesday, May 8, 2007	[16, 24, 41, 43, 54]	36
Friday, May 4, 2007	[4, 9, 20, 45, 55]	34
Tuesday, May 1, 2007	[11, 16, 31, 52, 53]	42
Friday, April 27, 2007	[5, 7, 26, 38, 56]	15
Tuesday, April 24, 2007	[8, 10, 35, 36, 43]	14
Friday, April 20, 2007	[1, 9, 10, 23, 53]	40
Tuesday, April 17, 2007	[1, 4, 11, 31, 47]	37
Friday, April 13, 2007	[11, 14, 21, 25, 26]	33
Tuesday, April 10, 2007	[7, 15, 16, 19, 28]	10
Friday, April 6, 2007	[24, 32, 34, 36, 39]	06
Tuesday, April 3, 2007	[16, 26, 33, 34, 46]	38
Friday, March 30, 2007	[15, 23, 37, 48, 53]	22
Tuesday, March 27, 2007	[18, 25, 34, 35, 42]	06
Friday, March 23, 2007	[18, 21, 35, 51, 53]	36
Tuesday, March 20, 2007	[7, 21, 46, 49, 55]	15
Friday, March 16, 2007	[17, 25, 36, 40, 43]	09
Tuesday, March 13, 2007	[7, 11, 16, 38, 49]	35
Friday, March 9, 2007	[10, 13, 25, 42, 43]	30
Tuesday, March 6, 2007	[16, 22, 29, 39, 42]	20
Friday, March 2, 2007	[14, 21, 33, 35, 51]	43
Tuesday, February 27, 2007	[18, 31, 44, 45, 48]	18
Friday, February 23, 2007	[3, 18, 21, 38, 50]	43
Tuesday, February 20, 2007	[1, 9, 26, 46, 51]	11
Friday, February 16, 2007	[17, 35, 40, 46, 48]	41
Tuesday, February 13, 2007	[3, 9, 24, 29, 41]	41
Friday, February 9, 2007	[32, 39, 46, 48, 49]	41
Tuesday, February 6, 2007	[16, 21, 35, 36, 46]	38
Friday, February 2, 2007	[22, 33, 35, 40, 53]	15
Tuesday, January 30, 2007	[14, 18, 44, 52, 56]	25
Friday, January 26, 2007	[16, 17, 36, 49, 54]	14
Tuesday, January 23, 2007	[3, 5, 15, 26, 53]	35
Friday, January 19, 2007	[4, 28, 30, 31, 35]	17
Tuesday, January 16, 2007	[4, 8, 15, 33, 52]	10
Friday, January 12, 2007	[12, 14, 26, 40, 42]	22
Tuesday, January 9, 2007	[7, 11, 26, 38, 54]	13
Friday, January 5, 2007	[2, 12, 44, 46, 51]	06
Tuesday, January 2, 2007	[9, 10, 38, 51, 53]	01
Friday, December 29, 2006	[3, 4, 10, 39, 50]	29
Tuesday, December 26, 2006	[7, 12, 25, 44, 53]	03
Friday, December 22, 2006	[5, 12, 15, 25, 34]	43
Tuesday, December 19, 2006	[9, 32, 37, 42, 48]	07
Friday, December 15, 2006	[6, 7, 17, 28, 40]	39
Tuesday, December 12, 2006	[20, 30, 31, 35, 49]	23
Friday, December 8, 2006	[1, 15, 29, 32, 45]	08
Tuesday, December 5, 2006	[6, 9, 13, 43, 46]	45
Friday, December 1, 2006	[16, 22, 23, 37, 53]	35
Tuesday, November 28, 2006	[7, 14, 24, 41, 56]	07
Friday, November 24, 2006	[14, 35, 40, 47, 48]	35
Tuesday, November 21, 2006	[7, 13, 20, 42, 47]	09
Friday, November 17, 2006	[5, 19, 25, 30, 50]	42
Tuesday, November 14, 2006	[9, 20, 24, 25, 36]	23
Friday, November 10, 2006	[11, 42, 52, 53, 55]	28
Tuesday, November 7, 2006	[13, 22, 33, 51, 52]	42
Friday, November 3, 2006	[8, 10, 22, 25, 55]	22
Tuesday, October 31, 2006	[5, 34, 40, 45, 46]	21
Friday, October 27, 2006	[15, 22, 26, 30, 32]	31
Tuesday, October 24, 2006	[5, 25, 41, 48, 51]	35
Friday, October 20, 2006	[9, 13, 23, 29, 54]	34
Tuesday, October 17, 2006	[6, 18, 20, 28, 38]	37
Friday, October 13, 2006	[24, 27, 42, 47, 50]	08
Tuesday, October 10, 2006	[14, 30, 35, 40, 43]	02
Friday, October 6, 2006	[1, 11, 20, 21, 46]	18
Tuesday, October 3, 2006	[6, 19, 32, 33, 40]	39
Friday, September 29, 2006	[3, 25, 43, 45, 55]	40
Tuesday, September 26, 2006	[3, 6, 38, 42, 45]	30
Friday, September 22, 2006	[7, 12, 17, 22, 43]	16
Tuesday, September 19, 2006	[2, 19, 44, 45, 56]	43
Friday, September 15, 2006	[6, 26, 33, 39, 55]	01
Tuesday, September 12, 2006	[3, 16, 25, 30, 44]	42
Friday, September 8, 2006	[9, 17, 34, 52, 53]	02
Tuesday, September 5, 2006	[1, 32, 36, 42, 53]	04
Friday, September 1, 2006	[5, 6, 51, 53, 55]	12
Tuesday, August 29, 2006	[15, 25, 37, 38, 52]	04
Friday, August 25, 2006	[17, 24, 35, 46, 54]	33
Tuesday, August 22, 2006	[3, 4, 5, 7, 36]	16
Friday, August 18, 2006	[5, 12, 13, 46, 50]	10
Tuesday, August 15, 2006	[10, 12, 22, 44, 48]	16
Friday, August 11, 2006	[14, 16, 38, 40, 49]	29
Tuesday, August 8, 2006	[1, 5, 13, 18, 33]	30
Friday, August 4, 2006	[2, 24, 31, 50, 55]	44
Tuesday, August 1, 2006	[14, 29, 32, 43, 49]	14
Friday, July 28, 2006	[2, 13, 23, 32, 35]	04
Tuesday, July 25, 2006	[7, 21, 24, 41, 51]	10
Friday, July 21, 2006	[18, 26, 35, 36, 43]	24
Tuesday, July 18, 2006	[12, 13, 29, 49, 52]	20
Friday, July 14, 2006	[13, 25, 26, 28, 56]	39
Tuesday, July 11, 2006	[5, 14, 34, 36, 52]	42
Friday, July 7, 2006	[7, 15, 27, 46, 56]	39
Tuesday, July 4, 2006	[9, 15, 31, 42, 45]	41
Friday, June 30, 2006	[20, 40, 46, 48, 54]	27
Tuesday, June 27, 2006	[2, 14, 20, 29, 44]	32
Friday, June 23, 2006	[13, 17, 24, 34, 56]	24
Tuesday, June 20, 2006	[11, 21, 37, 53, 54]	12
Friday, June 16, 2006	[27, 30, 36, 38, 45]	13
Tuesday, June 13, 2006	[1, 20, 23, 24, 33]	29
Friday, June 9, 2006	[8, 17, 18, 26, 47]	37
Tuesday, June 6, 2006	[5, 29, 35, 52, 53]	09
Friday, June 2, 2006	[3, 10, 18, 36, 38]	41
Tuesday, May 30, 2006	[2, 13, 28, 34, 45]	36
Friday, May 26, 2006	[12, 14, 20, 47, 48]	24
Tuesday, May 23, 2006	[17, 21, 28, 48, 54]	01
Friday, May 19, 2006	[5, 12, 31, 51, 56]	01
Tuesday, May 16, 2006	[7, 24, 40, 48, 50]	15
Friday, May 12, 2006	[6, 36, 39, 45, 52]	45
Tuesday, May 9, 2006	[7, 15, 24, 43, 44]	22
Friday, May 5, 2006	[8, 20, 39, 53, 55]	10
Tuesday, May 2, 2006	[7, 11, 22, 27, 31]	33
Friday, April 28, 2006	[16, 29, 32, 36, 55]	12
Tuesday, April 25, 2006	[1, 20, 32, 37, 39]	09
Friday, April 21, 2006	[2, 4, 7, 27, 41]	04
Tuesday, April 18, 2006	[13, 14, 25, 34, 50]	06
Friday, April 14, 2006	[8, 10, 18, 29, 33]	10
Tuesday, April 11, 2006	[2, 12, 45, 46, 56]	20
Friday, April 7, 2006	[1, 18, 31, 46, 52]	37
Tuesday, April 4, 2006	[9, 25, 48, 51, 56]	07
Friday, March 31, 2006	[4, 7, 19, 50, 52]	15
Tuesday, March 28, 2006	[14, 18, 35, 39, 49]	14
Friday, March 24, 2006	[1, 2, 17, 47, 49]	19
Tuesday, March 21, 2006	[4, 16, 17, 28, 31]	08
Friday, March 17, 2006	[8, 11, 23, 48, 52]	05
Tuesday, March 14, 2006	[27, 28, 30, 42, 50]	22
Friday, March 10, 2006	[4, 17, 18, 51, 54]	31
Tuesday, March 7, 2006	[15, 27, 36, 38, 42]	32
Friday, March 3, 2006	[25, 29, 38, 39, 46]	04
Tuesday, February 28, 2006	[2, 4, 35, 36, 48]	22
Friday, February 24, 2006	[3, 5, 12, 16, 34]	27
Tuesday, February 21, 2006	[14, 23, 27, 36, 45]	36
Friday, February 17, 2006	[16, 25, 31, 43, 46]	28
Tuesday, February 14, 2006	[27, 36, 43, 49, 54]	33
Friday, February 10, 2006	[24, 39, 40, 43, 46]	02
Tuesday, February 7, 2006	[2, 16, 25, 30, 48]	26
Friday, February 3, 2006	[29, 31, 32, 41, 52]	42
Tuesday, January 31, 2006	[1, 35, 53, 54, 56]	44
Friday, January 27, 2006	[2, 7, 8, 18, 29]	46
Tuesday, January 24, 2006	[31, 34, 36, 51, 55]	04
Friday, January 20, 2006	[18, 22, 28, 44, 53]	46
Tuesday, January 17, 2006	[24, 32, 37, 39, 40]	44
Friday, January 13, 2006	[5, 21, 27, 44, 53]	36
Tuesday, January 10, 2006	[7, 27, 32, 37, 38]	30
Friday, January 6, 2006	[8, 11, 28, 37, 53]	12
Tuesday, January 3, 2006	[15, 19, 20, 32, 38]	21
Friday, December 30, 2005	[14, 20, 25, 40, 44]	37
Tuesday, December 27, 2005	[11, 24, 27, 49, 55]	23
Friday, December 23, 2005	[10, 37, 39, 49, 54]	08
Tuesday, December 20, 2005	[6, 20, 23, 40, 56]	36
Friday, December 16, 2005	[14, 25, 26, 31, 56]	17
Tuesday, December 13, 2005	[9, 10, 12, 22, 41]	04
Friday, December 9, 2005	[14, 15, 31, 32, 43]	20
Tuesday, December 6, 2005	[6, 10, 26, 30, 33]	16
Friday, December 2, 2005	[3, 12, 21, 38, 44]	45
Tuesday, November 29, 2005	[7, 8, 47, 51, 52]	05
Friday, November 25, 2005	[5, 25, 31, 33, 34]	41
Tuesday, November 22, 2005	[9, 22, 37, 41, 43]	30
Friday, November 18, 2005	[8, 18, 21, 42, 46]	11
Tuesday, November 15, 2005	[2, 4, 5, 40, 48]	07
Friday, November 11, 2005	[9, 14, 34, 50, 51]	40
Tuesday, November 8, 2005	[8, 16, 21, 25, 27]	16
Friday, November 4, 2005	[7, 9, 41, 53, 54]	38
Tuesday, November 1, 2005	[5, 18, 21, 28, 36]	20
Friday, October 28, 2005	[8, 17, 25, 28, 53]	01
Tuesday, October 25, 2005	[7, 12, 18, 31, 55]	30
Friday, October 21, 2005	[11, 17, 28, 29, 36]	42
Tuesday, October 18, 2005	[3, 12, 16, 32, 33]	15
Friday, October 14, 2005	[6, 20, 24, 25, 34]	44
Tuesday, October 11, 2005	[24, 30, 42, 53, 54]	20
Friday, October 7, 2005	[2, 4, 23, 27, 36]	37
Tuesday, October 4, 2005	[12, 24, 28, 29, 36]	41
Friday, September 30, 2005	[1, 3, 14, 30, 52]	10
Tuesday, September 27, 2005	[14, 17, 26, 27, 28]	05
Friday, September 23, 2005	[6, 7, 20, 41, 51]	38
Tuesday, September 20, 2005	[35, 36, 40, 42, 52]	45
Friday, September 16, 2005	[5, 16, 41, 46, 50]	01
Tuesday, September 13, 2005	[13, 24, 44, 48, 52]	30
Friday, September 9, 2005	[15, 28, 43, 51, 52]	11
Tuesday, September 6, 2005	[1, 8, 27, 31, 50]	40
Friday, September 2, 2005	[1, 4, 14, 45, 53]	33
Tuesday, August 30, 2005	[19, 32, 42, 49, 56]	29
Friday, August 26, 2005	[5, 20, 38, 47, 54]	35
Tuesday, August 23, 2005	[6, 7, 8, 13, 40]	12
Friday, August 19, 2005	[2, 13, 18, 36, 46]	36
Tuesday, August 16, 2005	[9, 15, 20, 24, 55]	03
Friday, August 12, 2005	[8, 37, 38, 45, 54]	21
Tuesday, August 9, 2005	[13, 35, 36, 43, 52]	05
Friday, August 5, 2005	[3, 5, 48, 50, 53]	04
Tuesday, August 2, 2005	[17, 22, 39, 50, 52]	46
Friday, July 29, 2005	[4, 16, 23, 25, 40]	22
Tuesday, July 26, 2005	[1, 10, 18, 29, 55]	08
Friday, July 22, 2005	[7, 18, 27, 35, 54]	34
Tuesday, July 19, 2005	[7, 13, 48, 51, 54]	11
Friday, July 15, 2005	[9, 13, 25, 36, 48]	02
Tuesday, July 12, 2005	[5, 17, 32, 39, 53]	36
Friday, July 8, 2005	[9, 23, 45, 48, 50]	03
Tuesday, July 5, 2005	[22, 38, 48, 50, 55]	29
Friday, July 1, 2005	[14, 25, 41, 42, 50]	40
Tuesday, June 28, 2005	[2, 20, 37, 43, 46]	04
Friday, June 24, 2005	[14, 43, 44, 50, 56]	07
Tuesday, June 21, 2005	[9, 13, 40, 46, 50]	30
Friday, June 17, 2005	[16, 35, 40, 49, 50]	34
Tuesday, June 14, 2005	[1, 10, 29, 48, 49]	36
Friday, June 10, 2005	[14, 29, 31, 37, 50]	34
Tuesday, June 7, 2005	[7, 14, 28, 46, 47]	25
Friday, June 3, 2005	[4, 6, 14, 28, 47]	42
Tuesday, May 31, 2005	[5, 13, 22, 37, 38]	11
Friday, May 27, 2005	[7, 17, 22, 34, 50]	24
Tuesday, May 24, 2005	[9, 28, 39, 40, 45]	24
Friday, May 20, 2005	[3, 6, 27, 40, 44]	09
Tuesday, May 17, 2005	[7, 9, 10, 29, 44]	17
Friday, May 13, 2005	[21, 23, 27, 33, 39]	08
Tuesday, May 10, 2005	[11, 25, 38, 40, 42]	40
Friday, May 6, 2005	[7, 12, 25, 50, 51]	19
Tuesday, May 3, 2005	[7, 17, 42, 46, 52]	47
Friday, April 29, 2005	[2, 5, 7, 28, 46]	21
Tuesday, April 26, 2005	[18, 22, 33, 34, 42]	16
Friday, April 22, 2005	[23, 25, 43, 46, 49]	26
Tuesday, April 19, 2005	[5, 6, 14, 42, 47]	03
Friday, April 15, 2005	[25, 26, 37, 39, 49]	29
Tuesday, April 12, 2005	[15, 20, 43, 47, 50]	24
Friday, April 8, 2005	[5, 13, 17, 33, 35]	35
Tuesday, April 5, 2005	[4, 19, 45, 51, 52]	22
Friday, April 1, 2005	[11, 19, 28, 32, 45]	10
Tuesday, March 29, 2005	[7, 17, 18, 30, 42]	38
Friday, March 25, 2005	[11, 18, 19, 45, 49]	02
Tuesday, March 22, 2005	[6, 11, 27, 37, 43]	34
Friday, March 18, 2005	[2, 9, 28, 29, 48]	33
Tuesday, March 15, 2005	[14, 26, 27, 34, 44]	27
Friday, March 11, 2005	[18, 19, 31, 35, 36]	17
Tuesday, March 8, 2005	[8, 14, 15, 22, 31]	13
Friday, March 4, 2005	[7, 10, 13, 35, 39]	21
Tuesday, March 1, 2005	[1, 8, 18, 39, 48]	01
Friday, February 25, 2005	[4, 13, 37, 38, 50]	24
Tuesday, February 22, 2005	[15, 18, 28, 41, 45]	27
Friday, February 18, 2005	[1, 19, 31, 35, 42]	34
Tuesday, February 15, 2005	[3, 16, 20, 21, 38]	10
Friday, February 11, 2005	[6, 14, 21, 24, 50]	28
Tuesday, February 8, 2005	[8, 11, 14, 23, 25]	21
Friday, February 4, 2005	[3, 12, 14, 30, 52]	34
Tuesday, February 1, 2005	[3, 17, 21, 42, 44]	35
Friday, January 28, 2005	[25, 31, 39, 47, 52]	43
Tuesday, January 25, 2005	[2, 10, 21, 25, 45]	22
Friday, January 21, 2005	[17, 27, 39, 40, 41]	21
Tuesday, January 18, 2005	[10, 23, 28, 39, 51]	05
Friday, January 14, 2005	[15, 19, 24, 40, 47]	50
Tuesday, January 11, 2005	[2, 23, 24, 35, 45]	18
Friday, January 7, 2005	[2, 8, 14, 15, 51]	38
Tuesday, January 4, 2005	[3, 6, 7, 12, 32]	30
Friday, December 31, 2004	[10, 14, 45, 47, 51]	20
Tuesday, December 28, 2004	[18, 29, 32, 38, 43]	50
Friday, December 24, 2004	[9, 20, 22, 41, 42]	10
Tuesday, December 21, 2004	[7, 22, 27, 31, 38]	12
Friday, December 17, 2004	[16, 34, 38, 42, 47]	01
Tuesday, December 14, 2004	[14, 27, 32, 34, 40]	02
Friday, December 10, 2004	[22, 23, 37, 42, 47]	15
Tuesday, December 7, 2004	[1, 19, 22, 32, 49]	29
Friday, December 3, 2004	[12, 32, 37, 41, 52]	13
Tuesday, November 30, 2004	[10, 20, 22, 28, 52]	04
Friday, November 26, 2004	[7, 9, 18, 37, 43]	34
Tuesday, November 23, 2004	[8, 30, 32, 35, 51]	17
Friday, November 19, 2004	[1, 12, 24, 36, 51]	38
Tuesday, November 16, 2004	[9, 10, 27, 28, 30]	18
Friday, November 12, 2004	[5, 31, 33, 35, 51]	01
Tuesday, November 9, 2004	[11, 20, 26, 28, 52]	07
Friday, November 5, 2004	[3, 29, 30, 41, 43]	01
Tuesday, November 2, 2004	[24, 32, 42, 49, 50]	03
Friday, October 29, 2004	[10, 18, 26, 31, 41]	48
Tuesday, October 26, 2004	[14, 25, 39, 43, 49]	27
Friday, October 22, 2004	[3, 7, 20, 24, 43]	36
Tuesday, October 19, 2004	[6, 13, 19, 34, 50]	33
Friday, October 15, 2004	[4, 8, 24, 30, 36]	25
Tuesday, October 12, 2004	[4, 18, 19, 39, 51]	13
Friday, October 8, 2004	[16, 17, 21, 33, 41]	06
Tuesday, October 5, 2004	[8, 34, 39, 48, 49]	47
Friday, October 1, 2004	[8, 10, 17, 24, 39]	52
Tuesday, September 28, 2004	[1, 18, 39, 42, 50]	35
Friday, September 24, 2004	[11, 26, 30, 49, 50]	52
Tuesday, September 21, 2004	[1, 3, 15, 19, 29]	39
Friday, September 17, 2004	[3, 16, 25, 38, 49]	04
Tuesday, September 14, 2004	[12, 35, 37, 38, 50]	49
Friday, September 10, 2004	[11, 17, 27, 45, 52]	05
Tuesday, September 7, 2004	[13, 30, 36, 38, 51]	35
Friday, September 3, 2004	[4, 14, 34, 38, 44]	10
Tuesday, August 31, 2004	[14, 15, 25, 42, 44]	03
Friday, August 27, 2004	[5, 25, 38, 46, 47]	14
Tuesday, August 24, 2004	[2, 5, 21, 47, 50]	46
Friday, August 20, 2004	[12, 17, 34, 37, 39]	34
Tuesday, August 17, 2004	[22, 23, 26, 28, 36]	10
Friday, August 13, 2004	[14, 31, 41, 45, 48]	20
Tuesday, August 10, 2004	[18, 25, 29, 31, 44]	33
Friday, August 6, 2004	[4, 23, 33, 38, 49]	07
Tuesday, August 3, 2004	[1, 2, 13, 16, 22]	31
Friday, July 30, 2004	[16, 19, 21, 34, 35]	22
Tuesday, July 27, 2004	[8, 10, 11, 13, 24]	46
Friday, July 23, 2004	[5, 12, 25, 35, 37]	12
Tuesday, July 20, 2004	[6, 15, 21, 32, 44]	13
Friday, July 16, 2004	[3, 21, 22, 35, 44]	07
Tuesday, July 13, 2004	[13, 31, 37, 39, 52]	38
Friday, July 9, 2004	[11, 23, 25, 29, 45]	16
Tuesday, July 6, 2004	[6, 7, 8, 31, 48]	19
Friday, July 2, 2004	[10, 25, 38, 39, 50]	12
Tuesday, June 29, 2004	[10, 13, 19, 28, 38]	01
Friday, June 25, 2004	[18, 19, 29, 32, 42]	32
Tuesday, June 22, 2004	[9, 10, 17, 41, 52]	19
Friday, June 18, 2004	[7, 10, 11, 15, 51]	23
Tuesday, June 15, 2004	[18, 23, 27, 29, 44]	24
Friday, June 11, 2004	[12, 28, 36, 39, 52]	36
Tuesday, June 8, 2004	[17, 24, 29, 37, 45]	43
Friday, June 4, 2004	[4, 16, 18, 41, 47]	46
Tuesday, June 1, 2004	[7, 16, 17, 26, 48]	15
Friday, May 28, 2004	[13, 27, 36, 39, 51]	33
Tuesday, May 25, 2004	[5, 18, 34, 36, 39]	43
Friday, May 21, 2004	[4, 20, 27, 38, 49]	31
Tuesday, May 18, 2004	[2, 36, 44, 46, 51]	45
Friday, May 14, 2004	[10, 19, 32, 36, 46]	06
Tuesday, May 11, 2004	[9, 25, 30, 34, 37]	30
Friday, May 7, 2004	[14, 17, 19, 44, 50]	17
Tuesday, May 4, 2004	[3, 15, 29, 37, 39]	40
Friday, April 30, 2004	[15, 21, 32, 39, 50]	34
Tuesday, April 27, 2004	[1, 10, 17, 23, 35]	45
Friday, April 23, 2004	[8, 22, 25, 47, 48]	27
Tuesday, April 20, 2004	[12, 22, 37, 46, 48]	49
Friday, April 16, 2004	[6, 24, 29, 42, 51]	41
Tuesday, April 13, 2004	[13, 36, 39, 50, 51]	34
Friday, April 9, 2004	[2, 8, 10, 11, 23]	40
Tuesday, April 6, 2004	[8, 17, 29, 32, 39]	49
Friday, April 2, 2004	[8, 17, 25, 46, 47]	13
Tuesday, March 30, 2004	[3, 27, 31, 41, 45]	33
Friday, March 26, 2004	[8, 10, 17, 37, 49]	20
Tuesday, March 23, 2004	[12, 22, 35, 39, 46]	32
Friday, March 19, 2004	[6, 9, 14, 32, 50]	04
Tuesday, March 16, 2004	[3, 28, 45, 49, 51]	52
Friday, March 12, 2004	[4, 29, 32, 35, 36]	11
Tuesday, March 9, 2004	[16, 23, 29, 36, 51]	49
Friday, March 5, 2004	[30, 40, 47, 49, 52]	03
Tuesday, March 2, 2004	[25, 30, 35, 40, 50]	04
Friday, February 27, 2004	[2, 9, 24, 36, 52]	44
Tuesday, February 24, 2004	[6, 11, 43, 49, 52]	21
Friday, February 20, 2004	[1, 13, 20, 21, 30]	24
Tuesday, February 17, 2004	[2, 8, 34, 36, 52]	21
Friday, February 13, 2004	[14, 30, 42, 43, 45]	30
Tuesday, February 10, 2004	[3, 7, 10, 22, 32]	23
Friday, February 6, 2004	[1, 6, 16, 30, 49]	13
Tuesday, February 3, 2004	[9, 21, 26, 35, 41]	17
Friday, January 30, 2004	[17, 28, 30, 40, 51]	44
Tuesday, January 27, 2004	[6, 10, 20, 38, 50]	27
Friday, January 23, 2004	[10, 18, 33, 46, 51]	13
Tuesday, January 20, 2004	[5, 7, 14, 21, 45]	36
Friday, January 16, 2004	[12, 26, 41, 44, 49]	44
Tuesday, January 13, 2004	[3, 17, 18, 21, 45]	21
Friday, January 9, 2004	[24, 32, 38, 47, 49]	12
Tuesday, January 6, 2004	[7, 13, 15, 25, 32]	09
Friday, January 2, 2004	[7, 8, 36, 44, 48]	09
Tuesday, December 30, 2003	[12, 18, 21, 32, 46]	49
Friday, December 26, 2003	[1, 10, 17, 20, 29]	36
Tuesday, December 23, 2003	[2, 13, 21, 22, 49]	52
Friday, December 19, 2003	[5, 10, 17, 35, 39]	38
Tuesday, December 16, 2003	[16, 24, 31, 46, 47]	47
Friday, December 12, 2003	[9, 16, 32, 45, 46]	26
Tuesday, December 9, 2003	[4, 14, 15, 24, 48]	41
Friday, December 5, 2003	[1, 12, 15, 18, 44]	42
Tuesday, December 2, 2003	[10, 13, 24, 34, 49]	04
Friday, November 28, 2003	[19, 26, 31, 44, 50]	19
Tuesday, November 25, 2003	[22, 32, 37, 40, 41]	52
Friday, November 21, 2003	[14, 26, 28, 36, 42]	14
Tuesday, November 18, 2003	[4, 11, 25, 30, 52]	36
Friday, November 14, 2003	[3, 13, 31, 41, 42]	52
Tuesday, November 11, 2003	[2, 5, 17, 21, 22]	43
Friday, November 7, 2003	[6, 18, 23, 26, 30]	31
Tuesday, November 4, 2003	[16, 24, 43, 44, 45]	22
Friday, October 31, 2003	[6, 12, 13, 36, 46]	03
Tuesday, October 28, 2003	[6, 9, 20, 40, 47]	26
Friday, October 24, 2003	[8, 9, 16, 30, 31]	15
Tuesday, October 21, 2003	[18, 34, 46, 51, 52]	38
Friday, October 17, 2003	[14, 20, 31, 46, 48]	18
Tuesday, October 14, 2003	[18, 19, 21, 33, 40]	29
Friday, October 10, 2003	[4, 19, 36, 42, 48]	13
Tuesday, October 7, 2003	[1, 2, 22, 40, 41]	43
Friday, October 3, 2003	[19, 21, 30, 31, 52]	51
Tuesday, September 30, 2003	[2, 26, 37, 40, 46]	49
Friday, September 26, 2003	[5, 29, 32, 45, 52]	29
Tuesday, September 23, 2003	[5, 16, 24, 49, 51]	28
Friday, September 19, 2003	[13, 14, 24, 34, 47]	13
Tuesday, September 16, 2003	[15, 20, 24, 30, 46]	42
Friday, September 12, 2003	[16, 22, 23, 38, 46]	45
Tuesday, September 9, 2003	[14, 15, 30, 39, 46]	30
Friday, September 5, 2003	[7, 9, 28, 41, 42]	19
Tuesday, September 2, 2003	[22, 26, 27, 32, 39]	14
Friday, August 29, 2003	[8, 11, 17, 42, 52]	10
Tuesday, August 26, 2003	[9, 28, 42, 44, 49]	47
Friday, August 22, 2003	[4, 19, 31, 32, 51]	31
Tuesday, August 19, 2003	[7, 11, 24, 28, 52]	16
Friday, August 15, 2003	[1, 16, 20, 41, 52]	13
Tuesday, August 12, 2003	[8, 11, 18, 35, 51]	26
Friday, August 8, 2003	[6, 9, 35, 40, 43]	42
Tuesday, August 5, 2003	[7, 32, 34, 38, 44]	49
Friday, August 1, 2003	[2, 11, 27, 30, 33]	46
Tuesday, July 29, 2003	[1, 17, 19, 32, 42]	33
Friday, July 25, 2003	[33, 46, 47, 50, 51]	30
Tuesday, July 22, 2003	[1, 5, 31, 38, 47]	03
Friday, July 18, 2003	[29, 30, 34, 38, 44]	39
Tuesday, July 15, 2003	[1, 26, 33, 43, 48]	22
Friday, July 11, 2003	[1, 4, 10, 16, 18]	10
Tuesday, July 8, 2003	[2, 9, 27, 29, 35]	18
Friday, July 4, 2003	[6, 7, 22, 37, 46]	08
Tuesday, July 1, 2003	[28, 32, 39, 45, 48]	31
Friday, June 27, 2003	[1, 14, 20, 31, 40]	43
Tuesday, June 24, 2003	[2, 26, 43, 44, 47]	31
Friday, June 20, 2003	[1, 2, 3, 12, 37]	35
Tuesday, June 17, 2003	[27, 31, 34, 40, 52]	01
Friday, June 13, 2003	[12, 15, 16, 20, 51]	33
Tuesday, June 10, 2003	[14, 15, 23, 32, 52]	37
Friday, June 6, 2003	[10, 14, 28, 39, 40]	35
Tuesday, June 3, 2003	[4, 20, 25, 29, 32]	20
Friday, May 30, 2003	[1, 21, 28, 33, 51]	03
Tuesday, May 27, 2003	[10, 11, 17, 20, 26]	03
Friday, May 23, 2003	[12, 20, 31, 33, 50]	17
Tuesday, May 20, 2003	[2, 16, 36, 44, 49]	03
Friday, May 16, 2003	[5, 10, 16, 26, 39]	52
Tuesday, May 13, 2003	[17, 20, 47, 49, 50]	34
Friday, May 9, 2003	[1, 10, 20, 22, 28]	39
Tuesday, May 6, 2003	[5, 14, 32, 44, 52]	24
Friday, May 2, 2003	[2, 5, 19, 32, 34]	52
Tuesday, April 29, 2003	[6, 8, 9, 33, 35]	32
Friday, April 25, 2003	[1, 12, 32, 48, 51]	29
Tuesday, April 22, 2003	[3, 9, 15, 28, 52]	07
Friday, April 18, 2003	[5, 15, 24, 50, 52]	03
Tuesday, April 15, 2003	[16, 29, 31, 39, 52]	21
Friday, April 11, 2003	[15, 26, 27, 38, 39]	46
Tuesday, April 8, 2003	[8, 10, 24, 38, 45]	06
Friday, April 4, 2003	[6, 22, 28, 31, 40]	18
Tuesday, April 1, 2003	[7, 12, 26, 45, 47]	36
Friday, March 28, 2003	[8, 12, 21, 27, 29]	15
Tuesday, March 25, 2003	[15, 21, 37, 40, 42]	07
Friday, March 21, 2003	[6, 17, 18, 40, 50]	08
Tuesday, March 18, 2003	[13, 14, 16, 29, 49]	29
Friday, March 14, 2003	[3, 6, 14, 31, 33]	08
Tuesday, March 11, 2003	[10, 15, 26, 28, 39]	10
Friday, March 7, 2003	[7, 10, 32, 36, 41]	33
Tuesday, March 4, 2003	[2, 26, 36, 37, 41]	22
Friday, February 28, 2003	[11, 16, 26, 48, 49]	13
Tuesday, February 25, 2003	[2, 4, 6, 37, 47]	38
Friday, February 21, 2003	[21, 28, 29, 40, 51]	20
Tuesday, February 18, 2003	[12, 22, 29, 42, 50]	11
Friday, February 14, 2003	[11, 13, 19, 32, 47]	21
Tuesday, February 11, 2003	[18, 20, 23, 48, 49]	10
Friday, February 7, 2003	[3, 9, 20, 26, 27]	50
Tuesday, February 4, 2003	[5, 12, 16, 22, 24]	48
Friday, January 31, 2003	[1, 8, 9, 19, 22]	21
Tuesday, January 28, 2003	[13, 24, 26, 32, 47]	34
Friday, January 24, 2003	[16, 31, 37, 40, 41]	05
Tuesday, January 21, 2003	[4, 41, 48, 50, 51]	23
Friday, January 17, 2003	[25, 26, 38, 42, 46]	27
Tuesday, January 14, 2003	[30, 39, 41, 47, 52]	27
Friday, January 10, 2003	[7, 17, 18, 34, 50]	18
Tuesday, January 7, 2003	[15, 16, 28, 34, 51]	33
Friday, January 3, 2003	[6, 14, 28, 37, 46]	03
Tuesday, December 31, 2002	[8, 21, 29, 42, 51]	34
Friday, December 27, 2002	[11, 14, 26, 30, 39]	03
Tuesday, December 24, 2002	[8, 24, 39, 43, 52]	43
Friday, December 20, 2002	[10, 14, 41, 46, 49]	52
Tuesday, December 17, 2002	[3, 7, 21, 29, 49]	46
Friday, December 13, 2002	[2, 13, 14, 24, 46]	34
Tuesday, December 10, 2002	[3, 5, 9, 16, 31]	28
Friday, December 6, 2002	[4, 8, 30, 36, 52]	48
Tuesday, December 3, 2002	[1, 15, 19, 40, 51]	26
Friday, November 29, 2002	[8, 25, 33, 42, 49]	40
Tuesday, November 26, 2002	[3, 21, 27, 31, 43]	34
Friday, November 22, 2002	[11, 16, 19, 22, 46]	05
Tuesday, November 19, 2002	[7, 16, 20, 40, 52]	08
Friday, November 15, 2002	[6, 17, 44, 49, 51]	39
Tuesday, November 12, 2002	[3, 28, 45, 48, 50]	24
Friday, November 8, 2002	[17, 19, 37, 47, 48]	14
Tuesday, November 5, 2002	[2, 7, 16, 28, 36]	47
Friday, November 1, 2002	[5, 10, 22, 23, 43]	37
Tuesday, October 29, 2002	[9, 10, 14, 41, 49]	35
Friday, October 25, 2002	[8, 15, 34, 39, 47]	04
Tuesday, October 22, 2002	[16, 20, 26, 36, 48]	32
Friday, October 18, 2002	[10, 31, 40, 48, 51]	38
Tuesday, October 15, 2002	[6, 20, 27, 34, 51]	22
Friday, October 11, 2002	[9, 11, 17, 26, 41]	29
Tuesday, October 8, 2002	[18, 34, 43, 47, 50]	25
Friday, October 4, 2002	[10, 42, 43, 45, 51]	01
Tuesday, October 1, 2002	[7, 21, 30, 32, 37]	15
Friday, September 27, 2002	[23, 27, 30, 33, 36]	05
Tuesday, September 24, 2002	[8, 32, 34, 42, 50]	21
Friday, September 20, 2002	[1, 2, 4, 5, 46]	08
Tuesday, September 17, 2002	[7, 10, 19, 26, 44]	05
Friday, September 13, 2002	[24, 32, 37, 40, 51]	12
Tuesday, September 10, 2002	[4, 6, 10, 21, 25]	21
Friday, September 6, 2002	[31, 39, 42, 49, 51]	35
Tuesday, September 3, 2002	[8, 23, 36, 49, 51]	10
Friday, August 30, 2002	[6, 31, 32, 42, 51]	42
Tuesday, August 27, 2002	[2, 5, 11, 18, 45]	22
Friday, August 23, 2002	[5, 19, 20, 45, 48]	44
Tuesday, August 20, 2002	[2, 13, 20, 23, 43]	06
Friday, August 16, 2002	[22, 31, 33, 44, 52]	43
Tuesday, August 13, 2002	[3, 10, 15, 18, 25]	52
Friday, August 9, 2002	[7, 17, 23, 43, 44]	26
Tuesday, August 6, 2002	[2, 6, 38, 40, 50]	14
Friday, August 2, 2002	[10, 16, 23, 28, 31]	07
Tuesday, July 30, 2002	[2, 6, 22, 27, 44]	01
Friday, July 26, 2002	[20, 27, 28, 37, 49]	32
Tuesday, July 23, 2002	[10, 12, 29, 32, 38]	07
Friday, July 19, 2002	[7, 15, 24, 37, 46]	09
Tuesday, July 16, 2002	[10, 24, 35, 49, 52]	47
Friday, July 12, 2002	[13, 19, 23, 38, 47]	15
Tuesday, July 9, 2002	[26, 29, 31, 44, 48]	40
Friday, July 5, 2002	[11, 20, 26, 29, 41]	41
Tuesday, July 2, 2002	[14, 22, 32, 35, 44]	06
Friday, June 28, 2002	[18, 31, 49, 50, 51]	04
Tuesday, June 25, 2002	[4, 18, 21, 27, 41]	50
Friday, June 21, 2002	[13, 18, 32, 39, 49]	06
Tuesday, June 18, 2002	[6, 13, 18, 27, 45]	18
Friday, June 14, 2002	[4, 8, 32, 37, 43]	02
Tuesday, June 11, 2002	[5, 6, 9, 33, 44]	52
Friday, June 7, 2002	[14, 22, 27, 28, 42]	13
Tuesday, June 4, 2002	[3, 25, 29, 30, 48]	48
Friday, May 31, 2002	[12, 28, 45, 46, 52]	47
Tuesday, May 28, 2002	[6, 21, 22, 29, 32]	24
Friday, May 24, 2002	[2, 4, 32, 44, 52]	36
Tuesday, May 21, 2002	[4, 28, 39, 41, 44]	09
Friday, May 17, 2002	[15, 18, 25, 33, 47]	30
Tuesday, May 14, 2002	[23, 30, 36, 44, 47]	28
Friday, May 10, 2002	[1, 7, 35, 38, 49]	10
Tuesday, May 7, 2002	[2, 22, 26, 39, 40]	11
Friday, May 3, 2002	[2, 21, 27, 35, 49]	08
Tuesday, April 30, 2002	[4, 5, 9, 26, 42]	20
Friday, April 26, 2002	[11, 12, 21, 39, 44]	01
Tuesday, April 23, 2002	[3, 27, 31, 45, 47]	03
Friday, April 19, 2002	[3, 4, 26, 40, 46]	04
Tuesday, April 16, 2002	[7, 10, 25, 26, 27]	23
Friday, April 12, 2002	[6, 13, 14, 17, 41]	06
Tuesday, April 9, 2002	[1, 15, 17, 21, 41]	04
Friday, April 5, 2002	[8, 21, 35, 47, 50]	15
Tuesday, April 2, 2002	[34, 37, 38, 39, 42]	21
Friday, March 29, 2002	[15, 26, 28, 35, 44]	30
Tuesday, March 26, 2002	[1, 15, 17, 22, 40]	22
Friday, March 22, 2002	[7, 12, 19, 35, 41]	34
Tuesday, March 19, 2002	[17, 28, 31, 35, 37]	07
Friday, March 15, 2002	[5, 10, 22, 34, 45]	02
Tuesday, March 12, 2002	[4, 8, 20, 29, 47]	05
Friday, March 8, 2002	[13, 15, 31, 36, 49]	18
Tuesday, March 5, 2002	[2, 13, 15, 21, 46]	03
Friday, March 1, 2002	[13, 17, 37, 49, 50]	36
Tuesday, February 26, 2002	[6, 19, 22, 40, 44]	27
Friday, February 22, 2002	[4, 11, 37, 40, 44]	09
Tuesday, February 19, 2002	[25, 27, 37, 40, 48]	01
Friday, February 15, 2002	[2, 19, 41, 45, 47]	24
Tuesday, February 12, 2002	[2, 6, 10, 26, 29]	33
Friday, February 8, 2002	[3, 13, 19, 40, 47]	13
Tuesday, February 5, 2002	[5, 11, 30, 33, 43]	12
Friday, February 1, 2002	[4, 15, 17, 23, 33]	29
Tuesday, January 29, 2002	[4, 21, 30, 33, 48]	34
Friday, January 25, 2002	[9, 23, 29, 32, 45]	30
Tuesday, January 22, 2002	[1, 12, 35, 37, 49]	01
Friday, January 18, 2002	[1, 2, 9, 26, 27]	06
Tuesday, January 15, 2002	[4, 8, 32, 41, 49]	20
Friday, January 11, 2002	[4, 5, 21, 24, 38]	21
Tuesday, January 8, 2002	[14, 17, 25, 32, 46]	30
Friday, January 4, 2002	[7, 12, 24, 34, 37]	35
Tuesday, January 1, 2002	[16, 24, 39, 45, 50]	36
Friday, December 28, 2001	[21, 29, 30, 32, 42]	20
Tuesday, December 25, 2001	[20, 29, 34, 35, 48]	23
Friday, December 21, 2001	[3, 16, 18, 19, 43]	09
Tuesday, December 18, 2001	[3, 12, 29, 37, 47]	16
Friday, December 14, 2001	[6, 27, 28, 29, 42]	36
Tuesday, December 11, 2001	[18, 22, 24, 32, 47]	02
Friday, December 7, 2001	[5, 6, 13, 20, 46]	15
Tuesday, December 4, 2001	[17, 21, 22, 24, 30]	07
Friday, November 30, 2001	[7, 8, 20, 21, 42]	05
Tuesday, November 27, 2001	[1, 22, 25, 43, 46]	10
Friday, November 23, 2001	[3, 4, 38, 42, 49]	31
Tuesday, November 20, 2001	[11, 16, 38, 41, 45]	23
Friday, November 16, 2001	[4, 7, 8, 38, 46]	36
Tuesday, November 13, 2001	[3, 10, 23, 35, 42]	09
Friday, November 9, 2001	[5, 17, 21, 31, 41]	13
Tuesday, November 6, 2001	[3, 11, 15, 22, 38]	02
Friday, November 2, 2001	[10, 11, 15, 35, 39]	14
Tuesday, October 30, 2001	[7, 9, 29, 46, 49]	33
Friday, October 26, 2001	[16, 19, 22, 26, 45]	09
Tuesday, October 23, 2001	[24, 32, 34, 38, 46]	02
Friday, October 19, 2001	[1, 24, 28, 33, 47]	25
Tuesday, October 16, 2001	[15, 16, 19, 26, 47]	23
Friday, October 12, 2001	[4, 12, 17, 22, 49]	22
Tuesday, October 9, 2001	[13, 17, 21, 26, 34]	05
Friday, October 5, 2001	[3, 7, 18, 23, 34]	23
Tuesday, October 2, 2001	[7, 14, 22, 41, 46]	01
Friday, September 28, 2001	[1, 9, 16, 21, 25]	14
Tuesday, September 25, 2001	[7, 13, 29, 32, 48]	03
Friday, September 21, 2001	[1, 30, 34, 36, 50]	03
Tuesday, September 18, 2001	[11, 14, 18, 33, 48]	22
Friday, September 14, 2001	[2, 21, 27, 28, 45]	03
Tuesday, September 11, 2001	[3, 11, 33, 41, 49]	21
Friday, September 7, 2001	[11, 18, 31, 37, 46]	16
Tuesday, September 4, 2001	[26, 29, 32, 33, 43]	36
Friday, August 31, 2001	[4, 7, 8, 12, 38]	16
Tuesday, August 28, 2001	[10, 29, 39, 47, 50]	35
Friday, August 24, 2001	[2, 10, 23, 26, 38]	26
Tuesday, August 21, 2001	[4, 11, 14, 45, 49]	29
Friday, August 17, 2001	[1, 9, 16, 28, 46]	24
Tuesday, August 14, 2001	[1, 22, 27, 28, 35]	26
Friday, August 10, 2001	[4, 12, 35, 36, 42]	06
Tuesday, August 7, 2001	[5, 28, 31, 35, 47]	19
Friday, August 3, 2001	[4, 11, 21, 41, 44]	02
Tuesday, July 31, 2001	[4, 6, 8, 22, 28]	14
Friday, July 27, 2001	[28, 29, 43, 46, 47]	03
Tuesday, July 24, 2001	[5, 6, 10, 13, 20]	15
Friday, July 20, 2001	[14, 34, 38, 43, 47]	15
Tuesday, July 17, 2001	[17, 22, 27, 37, 49]	18
Friday, July 13, 2001	[24, 35, 37, 45, 50]	35
Tuesday, July 10, 2001	[3, 8, 17, 28, 50]	15
Friday, July 6, 2001	[3, 12, 22, 39, 46]	01
Tuesday, July 3, 2001	[5, 24, 26, 40, 41]	07
Friday, June 29, 2001	[5, 9, 12, 28, 48]	05
Tuesday, June 26, 2001	[1, 2, 7, 22, 44]	34
Friday, June 22, 2001	[5, 21, 37, 43, 50]	34
Tuesday, June 19, 2001	[1, 12, 30, 38, 42]	23
Friday, June 15, 2001	[1, 6, 23, 30, 39]	20
Tuesday, June 12, 2001	[8, 9, 10, 18, 49]	21
Friday, June 8, 2001	[1, 22, 30, 34, 46]	02
Tuesday, June 5, 2001	[23, 27, 36, 49, 50]	01
Friday, June 1, 2001	[5, 18, 36, 44, 49]	35
Tuesday, May 29, 2001	[5, 22, 23, 24, 35]	30
Friday, May 25, 2001	[12, 13, 17, 20, 22]	33
Tuesday, May 22, 2001	[8, 10, 13, 31, 43]	28
Friday, May 18, 2001	[7, 19, 30, 38, 41]	05
Tuesday, May 15, 2001	[7, 14, 19, 24, 43]	30
Friday, May 11, 2001	[11, 12, 19, 21, 26]	19
Tuesday, May 8, 2001	[19, 21, 29, 31, 50]	25
Friday, May 4, 2001	[11, 24, 27, 35, 47]	22
Tuesday, May 1, 2001	[4, 13, 15, 16, 25]	19
Friday, April 27, 2001	[3, 6, 30, 38, 44]	12
Tuesday, April 24, 2001	[1, 4, 27, 29, 31]	05
Friday, April 20, 2001	[2, 5, 11, 32, 36]	24
Tuesday, April 17, 2001	[4, 12, 14, 24, 44]	21
Friday, April 13, 2001	[16, 27, 36, 39, 47]	12
Tuesday, April 10, 2001	[17, 22, 27, 32, 42]	33
Friday, April 6, 2001	[4, 9, 10, 16, 45]	30
Tuesday, April 3, 2001	[4, 5, 25, 39, 45]	14
Friday, March 30, 2001	[4, 31, 38, 45, 48]	09
Tuesday, March 27, 2001	[20, 23, 25, 27, 42]	06
Friday, March 23, 2001	[6, 10, 26, 39, 40]	28
Tuesday, March 20, 2001	[11, 30, 39, 41, 43]	34
Friday, March 16, 2001	[14, 22, 38, 42, 43]	10
Tuesday, March 13, 2001	[11, 17, 38, 41, 42]	24
Friday, March 9, 2001	[2, 10, 12, 15, 27]	17
Tuesday, March 6, 2001	[2, 24, 26, 31, 41]	34
Friday, March 2, 2001	[13, 23, 24, 25, 42]	22
Tuesday, February 27, 2001	[1, 5, 14, 27, 37]	03
Friday, February 23, 2001	[3, 18, 21, 36, 50]	06
Tuesday, February 20, 2001	[9, 32, 37, 42, 46]	13
Friday, February 16, 2001	[9, 10, 24, 30, 31]	35
Tuesday, February 13, 2001	[30, 31, 35, 46, 47]	23
Friday, February 9, 2001	[1, 12, 14, 16, 22]	26
Tuesday, February 6, 2001	[5, 17, 32, 34, 48]	05
Friday, February 2, 2001	[6, 23, 25, 30, 31]	05
Tuesday, January 30, 2001	[5, 17, 22, 39, 40]	30
Friday, January 26, 2001	[1, 8, 20, 37, 45]	17
Tuesday, January 23, 2001	[6, 7, 12, 23, 43]	27
Friday, January 19, 2001	[4, 6, 16, 31, 36]	19
Tuesday, January 16, 2001	[7, 8, 13, 35, 50]	28
Friday, January 12, 2001	[6, 15, 23, 26, 50]	06
Tuesday, January 9, 2001	[4, 24, 35, 44, 48]	32
Friday, January 5, 2001	[1, 3, 9, 40, 42]	32
Tuesday, January 2, 2001	[7, 8, 11, 12, 13]	12
Friday, December 29, 2000	[9, 15, 21, 22, 29]	24
Tuesday, December 26, 2000	[4, 29, 32, 35, 44]	19
Friday, December 22, 2000	[14, 35, 40, 43, 50]	12
Tuesday, December 19, 2000	[12, 34, 36, 39, 40]	16
Friday, December 15, 2000	[25, 30, 39, 40, 50]	08
Tuesday, December 12, 2000	[1, 14, 28, 38, 47]	24
Friday, December 8, 2000	[23, 27, 29, 43, 45]	30
Tuesday, December 5, 2000	[4, 8, 30, 46, 48]	01
Friday, December 1, 2000	[15, 25, 28, 38, 47]	05
Tuesday, November 28, 2000	[15, 18, 30, 48, 49]	08
Friday, November 24, 2000	[20, 21, 32, 39, 46]	02
Tuesday, November 21, 2000	[15, 25, 28, 40, 46]	17
Friday, November 17, 2000	[5, 8, 20, 38, 46]	03
Tuesday, November 14, 2000	[12, 14, 25, 31, 37]	22
Friday, November 10, 2000	[26, 32, 39, 40, 46]	18
Tuesday, November 7, 2000	[22, 29, 35, 38, 47]	27
Friday, November 3, 2000	[5, 15, 22, 23, 43]	23
Tuesday, October 31, 2000	[7, 16, 22, 34, 36]	34
Friday, October 27, 2000	[21, 29, 33, 39, 44]	24
Tuesday, October 24, 2000	[8, 9, 14, 24, 41]	23
Friday, October 20, 2000	[30, 36, 37, 42, 46]	04
Tuesday, October 17, 2000	[9, 16, 41, 43, 48]	02
Friday, October 13, 2000	[2, 13, 20, 39, 43]	31
Tuesday, October 10, 2000	[5, 23, 29, 30, 39]	08
Friday, October 6, 2000	[12, 17, 36, 38, 44]	16
Tuesday, October 3, 2000	[16, 25, 32, 33, 40]	04
Friday, September 29, 2000	[8, 10, 30, 32, 40]	18
Tuesday, September 26, 2000	[2, 13, 31, 41, 44]	03
Friday, September 22, 2000	[6, 11, 26, 28, 36]	06
Tuesday, September 19, 2000	[8, 10, 28, 34, 35]	17
Friday, September 15, 2000	[2, 6, 10, 26, 39]	03
Tuesday, September 12, 2000	[4, 11, 18, 27, 38]	23
Friday, September 8, 2000	[10, 12, 20, 33, 40]	30
Tuesday, September 5, 2000	[31, 39, 43, 45, 48]	28
Friday, September 1, 2000	[4, 9, 26, 30, 31]	04
Tuesday, August 29, 2000	[4, 17, 31, 37, 47]	09
Friday, August 25, 2000	[34, 35, 37, 47, 48]	12
Tuesday, August 22, 2000	[6, 16, 18, 34, 41]	02
Friday, August 18, 2000	[5, 23, 38, 45, 50]	26
Tuesday, August 15, 2000	[15, 16, 22, 28, 39]	33
Friday, August 11, 2000	[2, 14, 19, 24, 28]	07
Tuesday, August 8, 2000	[23, 32, 38, 48, 50]	20
Friday, August 4, 2000	[5, 9, 14, 31, 47]	22
Tuesday, August 1, 2000	[10, 13, 16, 25, 26]	21
Friday, July 28, 2000	[2, 7, 16, 21, 45]	03
Tuesday, July 25, 2000	[16, 18, 33, 43, 46]	34
Friday, July 21, 2000	[11, 13, 15, 31, 41]	16
Tuesday, July 18, 2000	[3, 4, 25, 43, 48]	17
Friday, July 14, 2000	[21, 22, 27, 28, 42]	24
Tuesday, July 11, 2000	[19, 20, 24, 36, 38]	17
Friday, July 7, 2000	[24, 29, 32, 47, 49]	02
Tuesday, July 4, 2000	[3, 25, 29, 31, 33]	20
Friday, June 30, 2000	[9, 16, 39, 46, 47]	15
Tuesday, June 27, 2000	[12, 21, 34, 40, 41]	07
Friday, June 23, 2000	[9, 11, 13, 23, 49]	11
Tuesday, June 20, 2000	[1, 16, 22, 26, 38]	01
Friday, June 16, 2000	[11, 12, 24, 33, 35]	04
Tuesday, June 13, 2000	[4, 5, 6, 17, 23]	02
Friday, June 9, 2000	[6, 7, 25, 34, 45]	02
Tuesday, June 6, 2000	[4, 30, 36, 37, 42]	35
Friday, June 2, 2000	[5, 24, 26, 39, 44]	03
Tuesday, May 30, 2000	[4, 11, 40, 42, 50]	18
Friday, May 26, 2000	[8, 10, 11, 29, 40]	32
Tuesday, May 23, 2000	[9, 34, 42, 46, 50]	35
Friday, May 19, 2000	[16, 24, 37, 38, 40]	26
Tuesday, May 16, 2000	[9, 11, 34, 48, 50]	13
Friday, May 12, 2000	[12, 27, 28, 40, 48]	25
Tuesday, May 9, 2000	[1, 2, 12, 33, 37]	04
Friday, May 5, 2000	[6, 8, 16, 30, 32]	26
Tuesday, May 2, 2000	[3, 33, 36, 42, 43]	13
Friday, April 28, 2000	[5, 28, 29, 32, 49]	29
Tuesday, April 25, 2000	[1, 12, 17, 22, 41]	12
Friday, April 21, 2000	[14, 15, 34, 42, 44]	08
Tuesday, April 18, 2000	[26, 42, 48, 49, 50]	27
Friday, April 14, 2000	[2, 17, 24, 39, 40]	29
Tuesday, April 11, 2000	[1, 11, 31, 38, 45]	12
Friday, April 7, 2000	[1, 6, 9, 17, 34]	18
Tuesday, April 4, 2000	[4, 17, 23, 35, 39]	09
Friday, March 31, 2000	[3, 6, 7, 17, 43]	18
Tuesday, March 28, 2000	[2, 18, 35, 38, 43]	20
Friday, March 24, 2000	[14, 31, 42, 46, 50]	28
Tuesday, March 21, 2000	[5, 21, 33, 42, 46]	01
Friday, March 17, 2000	[17, 29, 37, 41, 50]	14
Tuesday, March 14, 2000	[1, 8, 9, 22, 47]	27
Friday, March 10, 2000	[1, 2, 26, 39, 43]	07
Tuesday, March 7, 2000	[4, 16, 30, 44, 49]	29
Friday, March 3, 2000	[2, 5, 14, 38, 47]	04
Tuesday, February 29, 2000	[2, 5, 22, 36, 40]	19
Friday, February 25, 2000	[2, 14, 45, 48, 49]	10
Tuesday, February 22, 2000	[33, 35, 36, 40, 43]	11
Friday, February 18, 2000	[1, 8, 15, 21, 37]	25
Tuesday, February 15, 2000	[2, 6, 7, 13, 26]	25
Friday, February 11, 2000	[5, 27, 36, 37, 42]	20
Tuesday, February 8, 2000	[20, 24, 29, 42, 44]	33
Friday, February 4, 2000	[26, 28, 37, 39, 44]	15
Tuesday, February 1, 2000	[14, 15, 31, 47, 49]	32
Friday, January 28, 2000	[4, 42, 43, 45, 48]	34
Tuesday, January 25, 2000	[6, 10, 19, 24, 38]	20
Friday, January 21, 2000	[4, 8, 12, 37, 45]	21
Tuesday, January 18, 2000	[13, 15, 29, 34, 41]	23
Friday, January 14, 2000	[1, 9, 28, 41, 45]	22
Tuesday, January 11, 2000	[16, 18, 28, 37, 39]	07
Friday, January 7, 2000	[1, 9, 23, 39, 41]	15
Tuesday, January 4, 2000	[11, 14, 27, 39, 42]	33
Friday, December 31, 1999	[4, 17, 32, 38, 46]	26
Tuesday, December 28, 1999	[9, 11, 21, 40, 50]	11
Friday, December 24, 1999	[32, 38, 40, 44, 50]	27
Tuesday, December 21, 1999	[2, 3, 29, 46, 47]	31
Friday, December 17, 1999	[8, 15, 28, 30, 44]	24
Tuesday, December 14, 1999	[6, 21, 27, 38, 43]	21
Friday, December 10, 1999	[18, 24, 25, 26, 32]	13
Tuesday, December 7, 1999	[22, 26, 27, 38, 44]	27
Friday, December 3, 1999	[12, 15, 19, 24, 49]	08
Tuesday, November 30, 1999	[1, 4, 5, 22, 47]	23
Friday, November 26, 1999	[17, 21, 22, 33, 38]	34
Tuesday, November 23, 1999	[1, 5, 9, 13, 19]	03
Friday, November 19, 1999	[1, 18, 28, 36, 42]	19
Tuesday, November 16, 1999	[10, 27, 29, 37, 46]	31
Friday, November 12, 1999	[20, 26, 27, 40, 45]	22
Tuesday, November 9, 1999	[12, 13, 26, 40, 42]	27
Friday, November 5, 1999	[15, 23, 28, 33, 47]	09
Tuesday, November 2, 1999	[6, 10, 30, 31, 35]	14
Friday, October 29, 1999	[17, 20, 23, 29, 33]	20
Tuesday, October 26, 1999	[24, 32, 37, 47, 48]	19
Friday, October 22, 1999	[3, 5, 33, 36, 40]	29
Tuesday, October 19, 1999	[3, 30, 32, 35, 37]	05
Friday, October 15, 1999	[15, 19, 29, 40, 41]	07
Tuesday, October 12, 1999	[11, 23, 27, 38, 45]	32
Friday, October 8, 1999	[15, 17, 36, 37, 45]	15
Tuesday, October 5, 1999	[15, 20, 32, 33, 47]	25
Friday, October 1, 1999	[9, 13, 15, 38, 41]	03
Tuesday, September 28, 1999	[8, 22, 34, 40, 48]	04
Friday, September 24, 1999	[22, 25, 29, 45, 47]	17
Tuesday, September 21, 1999	[7, 16, 18, 35, 47]	23
Friday, September 17, 1999	[25, 29, 30, 42, 47]	32
Tuesday, September 14, 1999	[1, 2, 6, 15, 49]	04
Friday, September 10, 1999	[16, 20, 31, 32, 48]	06
Tuesday, September 7, 1999	[4, 5, 6, 39, 46]	20
Friday, September 3, 1999	[24, 29, 37, 47, 48]	02
Tuesday, August 31, 1999	[3, 21, 26, 27, 40]	15
Friday, August 27, 1999	[5, 23, 25, 47, 49]	24
Tuesday, August 24, 1999	[9, 13, 21, 23, 41]	17
Friday, August 20, 1999	[5, 15, 27, 44, 47]	07
Tuesday, August 17, 1999	[11, 12, 28, 29, 45]	35
Friday, August 13, 1999	[2, 19, 30, 45, 46]	31
Tuesday, August 10, 1999	[13, 27, 32, 43, 50]	02
Friday, August 6, 1999	[16, 18, 20, 21, 50]	20
Tuesday, August 3, 1999	[4, 40, 42, 43, 48]	08
Friday, July 30, 1999	[8, 13, 20, 44, 47]	21
Tuesday, July 27, 1999	[2, 5, 25, 34, 40]	17
Friday, July 23, 1999	[6, 10, 24, 26, 37]	06
Tuesday, July 20, 1999	[9, 25, 27, 31, 32]	24
Friday, July 16, 1999	[2, 6, 7, 17, 18]	01
Tuesday, July 13, 1999	[1, 22, 33, 40, 43]	02
Friday, July 9, 1999	[16, 20, 22, 34, 36]	29
Tuesday, July 6, 1999	[7, 20, 23, 26, 33]	15
Friday, July 2, 1999	[6, 26, 39, 40, 47]	08
Tuesday, June 29, 1999	[4, 11, 17, 31, 44]	32
Friday, June 25, 1999	[2, 28, 34, 36, 48]	35
Tuesday, June 22, 1999	[4, 21, 40, 44, 48]	31
Friday, June 18, 1999	[1, 13, 34, 37, 50]	05
Tuesday, June 15, 1999	[1, 6, 19, 27, 42]	25
Friday, June 11, 1999	[5, 7, 13, 17, 43]	12
Tuesday, June 8, 1999	[18, 31, 45, 48, 49]	15
Friday, June 4, 1999	[2, 5, 24, 33, 39]	12
Tuesday, June 1, 1999	[1, 3, 13, 37, 42]	23
Friday, May 28, 1999	[5, 6, 9, 27, 50]	25
Tuesday, May 25, 1999	[12, 35, 36, 38, 39]	30
Friday, May 21, 1999	[1, 15, 26, 37, 41]	13
Tuesday, May 18, 1999	[5, 11, 14, 27, 41]	18
Friday, May 14, 1999	[1, 6, 25, 37, 42]	27
Tuesday, May 11, 1999	[11, 22, 29, 35, 41]	30
Friday, May 7, 1999	[12, 21, 30, 35, 49]	15
Tuesday, May 4, 1999	[5, 20, 32, 42, 46]	26
Friday, April 30, 1999	[1, 23, 25, 29, 39]	05
Tuesday, April 27, 1999	[1, 8, 10, 38, 42]	36
Friday, April 23, 1999	[3, 12, 27, 38, 39]	17
Tuesday, April 20, 1999	[11, 12, 17, 18, 41]	06
Friday, April 16, 1999	[1, 7, 10, 16, 36]	36
Tuesday, April 13, 1999	[13, 19, 21, 39, 40]	08
Friday, April 9, 1999	[14, 27, 41, 44, 47]	10
Tuesday, April 6, 1999	[12, 17, 22, 33, 44]	25
Friday, April 2, 1999	[8, 25, 26, 28, 35]	25
Tuesday, March 30, 1999	[4, 5, 27, 33, 41]	09
Friday, March 26, 1999	[14, 15, 20, 47, 50]	35
Tuesday, March 23, 1999	[16, 18, 29, 44, 47]	32
Friday, March 19, 1999	[17, 23, 37, 46, 49]	28
Tuesday, March 16, 1999	[6, 11, 19, 33, 40]	19
Friday, March 12, 1999	[22, 32, 37, 38, 41]	03
Tuesday, March 9, 1999	[3, 4, 10, 22, 48]	21
Friday, March 5, 1999	[3, 20, 26, 29, 36]	16
Tuesday, March 2, 1999	[3, 31, 35, 42, 46]	34
Friday, February 26, 1999	[6, 26, 31, 44, 46]	01
Tuesday, February 23, 1999	[3, 13, 27, 30, 44]	27
Friday, February 19, 1999	[1, 7, 16, 36, 40]	10
Tuesday, February 16, 1999	[3, 10, 13, 36, 49]	14
Friday, February 12, 1999	[8, 11, 16, 27, 34]	08
Tuesday, February 9, 1999	[3, 6, 14, 21, 24]	09
Friday, February 5, 1999	[2, 8, 14, 21, 27]	33
Tuesday, February 2, 1999	[6, 14, 23, 31, 33]	13
Friday, January 29, 1999	[4, 9, 12, 32, 47]	27
Tuesday, January 26, 1999	[5, 8, 10, 44, 50]	33
Friday, January 22, 1999	[7, 16, 20, 23, 36]	22
Tuesday, January 19, 1999	[21, 25, 26, 35, 49]	12
Friday, January 15, 1999	[17, 18, 28, 42, 48]	08
Tuesday, January 12, 1999	[5, 7, 9, 20, 46]	02
Friday, January 8, 1999	[5, 21, 23, 26, 37]	03
Tuesday, January 5, 1999	[4, 31, 32, 34, 43]	19
Friday, January 1, 1999	[11, 19, 28, 43, 48]	05
Tuesday, December 29, 1998	[3, 5, 7, 28, 35]	10
Friday, December 25, 1998	[6, 8, 17, 21, 31]	10
Tuesday, December 22, 1998	[17, 21, 33, 42, 44]	09
Friday, December 18, 1998	[10, 21, 25, 34, 48]	24
Tuesday, December 15, 1998	[7, 18, 36, 38, 41]	24
Friday, December 11, 1998	[11, 13, 42, 44, 50]	24
Tuesday, December 8, 1998	[1, 11, 25, 28, 35]	01
Friday, December 4, 1998	[7, 16, 28, 30, 43]	04
Tuesday, December 1, 1998	[16, 21, 30, 32, 44]	15
Friday, November 27, 1998	[4, 8, 20, 41, 44]	06
Tuesday, November 24, 1998	[14, 15, 17, 33, 43]	17
Friday, November 20, 1998	[20, 40, 48, 49, 50]	17
Tuesday, November 17, 1998	[28, 36, 38, 43, 50]	10
Friday, November 13, 1998	[5, 7, 18, 26, 45]	15
Tuesday, November 10, 1998	[3, 10, 17, 23, 35]	23
Friday, November 6, 1998	[7, 21, 29, 46, 48]	16
Tuesday, November 3, 1998	[1, 9, 32, 35, 50]	01
Friday, October 30, 1998	[12, 16, 22, 38, 46]	20
Tuesday, October 27, 1998	[12, 13, 17, 25, 43]	22
Friday, October 23, 1998	[13, 20, 27, 28, 33]	20
Tuesday, October 20, 1998	[6, 9, 10, 22, 28]	19
Friday, October 16, 1998	[6, 7, 14, 18, 33]	08
Tuesday, October 13, 1998	[12, 24, 30, 43, 44]	01
Friday, October 9, 1998	[1, 23, 30, 47, 50]	02
Tuesday, October 6, 1998	[1, 3, 13, 15, 22]	18
Friday, October 2, 1998	[2, 6, 8, 26, 39]	08
Tuesday, September 29, 1998	[1, 8, 18, 27, 38]	24
Friday, September 25, 1998	[20, 23, 36, 46, 50]	09
Tuesday, September 22, 1998	[1, 37, 43, 44, 45]	24
Friday, September 18, 1998	[15, 22, 23, 40, 50]	12
Tuesday, September 15, 1998	[11, 26, 30, 37, 38]	20
Friday, September 11, 1998	[21, 31, 34, 35, 43]	04
Tuesday, September 8, 1998	[1, 14, 24, 25, 26]	24
Friday, September 4, 1998	[11, 19, 25, 34, 47]	10
Tuesday, September 1, 1998	[9, 23, 24, 37, 44]	24
Friday, August 28, 1998	[1, 21, 28, 43, 45]	17
Tuesday, August 25, 1998	[2, 27, 33, 37, 44]	21
Friday, August 21, 1998	[6, 16, 19, 28, 48]	11
Tuesday, August 18, 1998	[9, 10, 11, 12, 48]	18
Friday, August 14, 1998	[6, 10, 14, 17, 22]	17
Tuesday, August 11, 1998	[7, 31, 35, 44, 48]	18
Friday, August 7, 1998	[7, 11, 32, 44, 46]	19
Tuesday, August 4, 1998	[3, 4, 6, 26, 40]	10
Friday, July 31, 1998	[3, 10, 23, 33, 46]	08
Tuesday, July 28, 1998	[5, 10, 14, 18, 49]	25
Friday, July 24, 1998	[7, 15, 18, 31, 35]	19
Tuesday, July 21, 1998	[3, 7, 8, 11, 20]	25
Friday, July 17, 1998	[13, 24, 35, 39, 44]	24
Tuesday, July 14, 1998	[5, 7, 15, 33, 48]	13
Friday, July 10, 1998	[19, 24, 28, 29, 38]	06
Tuesday, July 7, 1998	[5, 9, 27, 39, 48]	25
Friday, July 3, 1998	[5, 36, 38, 39, 46]	01
Tuesday, June 30, 1998	[5, 21, 41, 43, 48]	10
Friday, June 26, 1998	[20, 25, 30, 41, 47]	05
Tuesday, June 23, 1998	[2, 7, 13, 17, 33]	22
Friday, June 19, 1998	[1, 11, 13, 14, 23]	22
Tuesday, June 16, 1998	[11, 17, 20, 23, 25]	15
Friday, June 12, 1998	[2, 23, 24, 29, 48]	09
Tuesday, June 9, 1998	[4, 9, 13, 24, 27]	24
Friday, June 5, 1998	[5, 18, 20, 30, 36]	10
Tuesday, June 2, 1998	[9, 19, 28, 30, 31]	19
Friday, May 29, 1998	[3, 35, 36, 43, 47]	10
Tuesday, May 26, 1998	[1, 13, 29, 35, 50]	24
Friday, May 22, 1998	[18, 25, 32, 46, 47]	12
Tuesday, May 19, 1998	[12, 21, 31, 47, 50]	02
Friday, May 15, 1998	[3, 37, 41, 42, 48]	09
Tuesday, May 12, 1998	[14, 20, 28, 37, 39]	14
Friday, May 8, 1998	[25, 33, 35, 40, 45]	17
Tuesday, May 5, 1998	[8, 20, 22, 35, 50]	17
Friday, May 1, 1998	[2, 17, 29, 35, 46]	16
Tuesday, April 28, 1998	[10, 13, 14, 29, 45]	06
Friday, April 24, 1998	[15, 17, 20, 25, 29]	21
Tuesday, April 21, 1998	[8, 18, 19, 36, 44]	01
Friday, April 17, 1998	[6, 18, 20, 32, 50]	12
Tuesday, April 14, 1998	[6, 7, 10, 26, 32]	18
Friday, April 10, 1998	[9, 11, 33, 35, 40]	16
Tuesday, April 7, 1998	[27, 32, 46, 47, 49]	07
Friday, April 3, 1998	[8, 29, 38, 47, 50]	03
Tuesday, March 31, 1998	[16, 22, 35, 39, 44]	09
Friday, March 27, 1998	[13, 15, 29, 36, 47]	24
Tuesday, March 24, 1998	[15, 16, 27, 36, 45]	01
Friday, March 20, 1998	[15, 18, 19, 37, 39]	06
Tuesday, March 17, 1998	[13, 23, 24, 39, 42]	10
Friday, March 13, 1998	[1, 3, 8, 31, 47]	03
Tuesday, March 10, 1998	[7, 19, 24, 28, 32]	21
Friday, March 6, 1998	[2, 34, 37, 41, 42]	16
Tuesday, March 3, 1998	[21, 31, 33, 37, 42]	03
Friday, February 27, 1998	[24, 26, 28, 29, 42]	22
Tuesday, February 24, 1998	[2, 11, 40, 42, 48]	14
Friday, February 20, 1998	[9, 11, 12, 17, 19]	13
Tuesday, February 17, 1998	[2, 25, 26, 35, 40]	25
Friday, February 13, 1998	[3, 17, 22, 23, 36]	01
Tuesday, February 10, 1998	[2, 12, 14, 27, 47]	17
Friday, February 6, 1998	[4, 9, 15, 23, 29]	01
Friday, January 30, 1998	[3, 4, 29, 35, 45]	07
Friday, January 23, 1998	[4, 17, 26, 32, 41]	17
Friday, January 16, 1998	[4, 5, 13, 24, 33]	11
Friday, January 9, 1998	[1, 6, 23, 31, 48]	20
Friday, January 2, 1998	[7, 21, 31, 32, 45]	14
Friday, December 26, 1997	[1, 18, 40, 41, 49]	08
Friday, December 19, 1997	[10, 15, 16, 17, 50]	25
Friday, December 12, 1997	[3, 6, 8, 20, 30]	25
Friday, December 5, 1997	[10, 23, 25, 40, 42]	07
Friday, November 28, 1997	[4, 20, 27, 29, 39]	11
Friday, November 21, 1997	[2, 5, 16, 18, 42]	11
Friday, November 14, 1997	[12, 16, 22, 24, 45]	18
Friday, November 7, 1997	[13, 24, 26, 32, 44]	16
Friday, October 31, 1997	[2, 7, 18, 25, 36]	17
Friday, October 24, 1997	[2, 25, 31, 32, 45]	16
Friday, October 17, 1997	[22, 34, 35, 37, 45]	03
Friday, October 10, 1997	[12, 21, 31, 43, 45]	14
Friday, October 3, 1997	[5, 11, 14, 23, 47]	07
Friday, September 26, 1997	[5, 14, 34, 49, 50]	16
Friday, September 19, 1997	[26, 31, 32, 43, 46]	01
Friday, September 12, 1997	[5, 19, 28, 29, 40]	04
Friday, September 5, 1997	[14, 15, 25, 26, 42]	03
Friday, August 29, 1997	[9, 18, 24, 37, 42]	25
Friday, August 22, 1997	[6, 8, 11, 24, 30]	04
Friday, August 15, 1997	[17, 21, 27, 42, 47]	21
Friday, August 8, 1997	[3, 5, 34, 35, 36]	03
Friday, August 1, 1997	[17, 34, 38, 39, 44]	13
Friday, July 25, 1997	[4, 7, 33, 42, 44]	25
Friday, July 18, 1997	[6, 34, 35, 40, 50]	25
Friday, July 11, 1997	[17, 36, 44, 46, 48]	18
Friday, July 4, 1997	[8, 12, 21, 32, 50]	17
Friday, June 27, 1997	[1, 3, 37, 42, 46]	21
Friday, June 20, 1997	[3, 4, 10, 42, 46]	15
Friday, June 13, 1997	[5, 6, 22, 38, 43]	03
Friday, June 6, 1997	[2, 8, 20, 22, 32]	08
Friday, May 30, 1997	[1, 23, 25, 39, 43]	19
Friday, May 23, 1997	[2, 3, 5, 40, 49]	19
Friday, May 16, 1997	[2, 4, 13, 17, 29]	11
Friday, May 9, 1997	[12, 13, 16, 29, 36]	11
Friday, May 2, 1997	[4, 13, 20, 24, 36]	14
Friday, April 25, 1997	[12, 31, 32, 34, 37]	09
Friday, April 18, 1997	[1, 11, 22, 45, 47]	08
Friday, April 11, 1997	[4, 10, 13, 22, 49]	20
Friday, April 4, 1997	[8, 21, 22, 35, 48]	12
Friday, March 28, 1997	[1, 43, 47, 48, 50]	17
Friday, March 21, 1997	[5, 10, 19, 38, 41]	21
Friday, March 14, 1997	[4, 6, 11, 25, 43]	10
Friday, March 7, 1997	[11, 19, 36, 38, 46]	02
Friday, February 28, 1997	[18, 19, 24, 29, 42]	05
Friday, February 21, 1997	[3, 8, 19, 28, 47]	15
Friday, February 14, 1997	[7, 13, 15, 22, 26]	21
Friday, February 7, 1997	[4, 10, 27, 30, 38]	15
Friday, January 31, 1997	[8, 11, 13, 20, 37]	12
Friday, January 24, 1997	[12, 17, 27, 30, 39]	07
Friday, January 17, 1997	[4, 11, 33, 35, 43]	21
Friday, January 10, 1997	[4, 25, 30, 33, 47]	06
Friday, January 3, 1997	[5, 8, 23, 45, 48]	17
Friday, December 27, 1996	[10, 30, 33, 35, 36]	01
Friday, December 20, 1996	[6, 18, 20, 25, 33]	16
Friday, December 13, 1996	[7, 15, 36, 43, 44]	08
Friday, December 6, 1996	[15, 20, 32, 42, 47]	03
Friday, November 29, 1996	[1, 14, 27, 46, 50]	22
Friday, November 22, 1996	[6, 8, 14, 32, 35]	19
Friday, November 15, 1996	[2, 4, 5, 33, 47]	22
Friday, November 8, 1996	[11, 23, 25, 35, 46]	17
Friday, November 1, 1996	[2, 10, 28, 39, 49]	17
Friday, October 25, 1996	[23, 28, 30, 35, 43]	09
Friday, October 18, 1996	[9, 18, 24, 26, 46]	18
Friday, October 11, 1996	[2, 23, 37, 40, 50]	22
Friday, October 4, 1996	[8, 16, 18, 36, 38]	01
Friday, September 27, 1996	[8, 25, 35, 37, 48]	08
Friday, September 20, 1996	[5, 24, 31, 34, 48]	06
Friday, September 13, 1996	[3, 4, 9, 30, 47]	01
Friday, September 6, 1996	[5, 11, 29, 47, 50]	17
